IO NO ,UNIT ,STYLE PIC,STYLE ,STYLE DESC,FABRIC ,SHIPMENT DATE,PO NO,COUNTRY,Combo,*0/3,*3/6,*6/9,*12,*24,*2,*3,*4,*5,*18,*6,*6X/7,*6X/7.1,Total,GRANT TOTAL,REMARKS
168,,,K6RI07K6YW4,HIGH LOW DIP DYE SS T-SHIRT,LYCRA JERSEY/50% ORGANIC COTTON 45% COTTON 5% ELASTANE/160 GSM,2025-08-25 00:00:00,AU01-2025-00759,AUSTRALIA (DIR),PINK DEEP DYE-F69M,,,,,,8,11,11,11,,11,8,,60,1746,
168,,,K6RI07K6YW4,HIGH LOW DIP DYE SS T-SHIRT,LYCRA JERSEY/50% ORGANIC COTTON 45% COTTON 5% ELASTANE/160 GSM,2025-08-25 00:00:00,MA01-2025-02031,NETHERLANDS (CLL),PINK DEEP DYE-F69M,,8,28,38,14,65,111,120,123,40,123,95,,765,,
168,,,K6RI07K6YW4,HIGH LOW DIP DYE SS T-SHIRT,LYCRA JERSEY/50% ORGANIC COTTON 45% COTTON 5% ELASTANE/160 GSM,2025-08-25 00:00:00,MA02-2025-01325,NETHERLANDS (CLL),PINK DEEP DYE-F69M,,,,,,6,9,9,6,,6,,,36,,
168,,,K6RI07K6YW4,HIGH LOW DIP DYE SS T-SHIRT,LYCRA JERSEY/50% ORGANIC COTTON 45% COTTON 5% ELASTANE/160 GSM,2025-08-25 00:00:00,MX01-2025-01008,MEXICO (DIR),PINK DEEP DYE-F69M,,,,,,194,229,212,,,,,,635,,
168,,,K6RI07K6YW4,HIGH LOW DIP DYE SS T-SHIRT,LYCRA JERSEY/50% ORGANIC COTTON 45% COTTON 5% ELASTANE/160 GSM,2025-08-25 00:00:00,SP01-2025-00724,SINGAPORE,PINK DEEP DYE-F69M,,,,,,9,14,26,24,,18,13,,104,,
168,,,K6RI07K6YW4,HIGH LOW DIP DYE SS T-SHIRT,LYCRA JERSEY/50% ORGANIC COTTON 45% COTTON 5% ELASTANE/160 GSM,2025-08-25 00:00:00,US01-2025-00730(IK-967380),UNITED STATES (WLS),PINK DEEP DYE-F69M,,,,,,24,24,24,25,,33,16,,146,,
,,,,,,,,SUB TOTAL,,,8,28,38,14,306,398,402,189,40,191,132,,1746,,
IO NO ,UNIT ,STYLE PIC,STYLE ,STYLE DESC,FABRIC ,SHIPMENT DATE,PO NO,COUNTRY,Combo,*0/3,*3/6,*6/9,*12,*24,*2,*3,*4,*5,*18,*6,*6X/7,*6X/7,Total,GRANT TOTAL,REMARKS
169,,,K6RI09K6YW4,SS T SHIRT,LYCRA JERSEY/50% ORGANIC COTTON 45% COTTON 5% ELASTANE/160 GSM,2025-08-25 00:00:00,MA01-2025-02031,NETHERLANDS (CLL),CHILI RED-G532/19-1557 TCX,,29,35,45,47,66,121,141,142,52,142,114,,934,4411,
169,,,K6RI09K6YW4,SS T SHIRT,LYCRA JERSEY/50% ORGANIC COTTON 45% COTTON 5% ELASTANE/160 GSM,2025-08-25 00:00:00,SP01-2025-00724,SINGAPORE,CHILI RED-G532/19-1557 TCX,,,,,,11,19,19,18,,12,11,,90,,
169,,,K6RI09K6YW4,SS T SHIRT,LYCRA JERSEY/50% ORGANIC COTTON 45% COTTON 5% ELASTANE/160 GSM,2025-08-25 00:00:00,US01-2025-00732(IK-96740),UNITED STATES (WLS),CHILI RED-G532/19-1557 TCX,,,,,,16,16,16,25,,25,16,,114,,
169,,,K6RI09K6YW4,SS T SHIRT,LYCRA JERSEY/50% ORGANIC COTTON 45% COTTON 5% ELASTANE/160 GSM,2025-09-08 00:00:00,MA01-2025-02747,A,CHILI RED-G532/19-1557 TCX,,23,33,51,50,58,81,87,74,54,83,61,,655,,
,,,,,,,,SUB TOTAL,,,52,68,96,97,151,237,263,259,106,262,202,,1793,,
169,,,K6RI09K6YW4,SS T SHIRT,LYCRA JERSEY/50% ORGANIC COTTON 45% COTTON 5% ELASTANE/160 GSM,2025-08-25 00:00:00,SP01-2025-00724,SINGAPORE,PURE WHITE-G011/11-4001 TCX,,2,2,,,14,23,36,33,,23,17,,150,,
169,,,K6RI09K6YW4,SS T SHIRT,LYCRA JERSEY/50% ORGANIC COTTON 45% COTTON 5% ELASTANE/160 GSM,2025-08-25 00:00:00,MA01-2025-02031,NETHERLANDS (CLL),PURE WHITE-G011/11-4001 TCX,,60,70,95,75,167,289,320,322,120,293,139,,1950,,
175,,,K6RI09K6YW4,SS T SHIRT,LYCRA JERSEY/50% ORGANIC COTTON 45% COTTON 5% ELASTANE/160 GSM,2025-09-08 00:00:00,MA01-2025-02747,A,PURE WHITE-G011/11-4001 TCX,,22,35,60,56,39,59,52,39,60,52,44,,518,,
,,,,,,,,SUB TOTAL,,,84,107,155,131,220,371,408,394,180,368,200,,2618,,
IO NO ,UNIT ,STYLE PIC,STYLE ,STYLE DESC,FABRIC ,SHIPMENT DATE,PO NO,COUNTRY,Combo,*0/3,*3/6,*6/9,*12,*24,*2,*3,*4,*5,*18,*6,*6X/7,*6X/7,Total,GRANT TOTAL,REMARKS
171,,,K6RI10K6YW4,HIGH LOW SS T-SHIRT,LYCRA JERSEY/50% ORGANIC COTTON 45% COTTON 5% ELASTANE/160 GSM,2025-08-25 00:00:00,MA01-2025-02031,NETHERLANDS (CLL),BLOOMING AZALEA-A61T/15-2213 TCX,,60,74,79,85,139,190,194,199,90,195,172,,1477,9386,
171,,,K6RI10K6YW4,HIGH LOW SS T-SHIRT,LYCRA JERSEY/50% ORGANIC COTTON 45% COTTON 5% ELASTANE/160 GSM,2025-08-25 00:00:00,US01-2025-00734(IK-96742),UNITED STATES (WLS),BLOOMING AZALEA-A61T/15-2213 TCX,,,,,,14,14,14,22,,22,14,,100,,
171,,,K6RI10K6YW4,HIGH LOW SS T-SHIRT,LYCRA JERSEY/50% ORGANIC COTTON 45% COTTON 5% ELASTANE/160 GSM,2025-08-25 00:00:00,MA02-2025-01325,NETHERLANDS(RTL),BLOOMING AZALEA-A61T/15-2213 TCX,,,,,,38,38,38,24,,22,,,160,,
171,,,K6RI10K6YW4,HIGH LOW SS T-SHIRT,LYCRA JERSEY/50% ORGANIC COTTON 45% COTTON 5% ELASTANE/160 GSM,2025-08-25 00:00:00,MA03-2025-01756,POLAND,BLOOMING AZALEA-A61T/15-2213 TCX,,7,14,18,,19,26,24,19,25,20,,,172,,
171,,,K6RI10K6YW4,HIGH LOW SS T-SHIRT,LYCRA JERSEY/50% ORGANIC COTTON 45% COTTON 5% ELASTANE/160 GSM,2025-08-25 00:00:00,MA03-2025-01761,ITALY,BLOOMING AZALEA-A61T/15-2213 TCX,,4,7,9,,10,14,13,10,13,11,,,91,,
276,,,K6RI10K6YW4,HIGH LOW SS T-SHIRT,LYCRA JERSEY/50% ORGANIC COTTON 45% COTTON 5% ELASTANE/160 GSM,2025-09-08 00:00:00,MA01-2025-02747,NETHERLANDS (CLL),BLOOMING AZALEA-A61T/15-2213 TCX,,15,22,28,19,54,67,66,64,29,64,55,,483,,
,,,,,,,,SUB TOTAL,,,86,117,134,104,274,349,349,338,157,334,241,,2483,,
171,,,K6RI10K6YW4,HIGH LOW SS T-SHIRT,LYCRA JERSEY/50% ORGANIC COTTON 45% COTTON 5% ELASTANE/160 GSM,2025-08-25 00:00:00,MA02-2025-01325,NETHERLANDS(RTL),PURE WHITE-G011/11-4001 TCX,,,,,,38,38,38,24,,22,,,160,,
171,,,K6RI10K6YW4,HIGH LOW SS T-SHIRT,LYCRA JERSEY/50% ORGANIC COTTON 45% COTTON 5% ELASTANE/160 GSM,2025-08-25 00:00:00,MA03-2025-01761,ITALY,PURE WHITE-G011/11-4001 TCX,,8,15,19,,21,28,26,20,27,22,,,186,,
171,,,K6RI10K6YW4,HIGH LOW SS T-SHIRT,LYCRA JERSEY/50% ORGANIC COTTON 45% COTTON 5% ELASTANE/160 GSM,2025-08-25 00:00:00,MA03-2025-01756,POLAND,PURE WHITE-G011/11-4001 TCX,,15,28,35,,39,51,48,37,50,40,,,343,,
171,,,K6RI10K6YW4,HIGH LOW SS T-SHIRT,LYCRA JERSEY/50% ORGANIC COTTON 45% COTTON 5% ELASTANE/160 GSM,2025-08-25 00:00:00,MA01-2025-02031,NETHERLANDS (CLL),PURE WHITE-G011/11-4001 TCX,,95,136,154,147,297,416,440,426,167,433,328,,3039,,
171,,,K6RI10K6YW4,HIGH LOW SS T-SHIRT,LYCRA JERSEY/50% ORGANIC COTTON 45% COTTON 5% ELASTANE/160 GSM,2025-08-25 00:00:00,MX01-2025-01009,MEXICO (DIR),PURE WHITE-G011/11-4001 TCX,,,,,,194,229,212,,,,,,635,,
171,,,K6RI10K6YW4,HIGH LOW SS T-SHIRT,LYCRA JERSEY/50% ORGANIC COTTON 45% COTTON 5% ELASTANE/160 GSM,2025-08-25 00:00:00,SP01-2025-00724,SINGAPORE,PURE WHITE-G011/11-4001 TCX,,2,2,,,13,20,34,30,,21,15,,137,,
171,,,K6RI10K6YW4,HIGH LOW SS T-SHIRT,LYCRA JERSEY/50% ORGANIC COTTON 45% COTTON 5% ELASTANE/160 GSM,2025-08-25 00:00:00,US01-2025-00734(IK-96742),UNITED STATES (WLS),PURE WHITE-G011/11-4001 TCX,,,,,,22,22,22,31,,31,22,,150,,
276,,,K6RI10K6YW4,HIGH LOW SS T-SHIRT,LYCRA JERSEY/50% ORGANIC COTTON 45% COTTON 5% ELASTANE/160 GSM,2025-09-08 00:00:00,MA01-2025-03113,NETHERLANDS (CLL),PURE WHITE-G011/11-4001 TCX,,42,57,64,54,126,143,148,144,65,144,122,,1109,,
,,,,,,,,SUB TOTAL,,,162,238,272,201,750,947,968,712,309,713,487,,5759,,
171,,,K6RI10K6YW4,HIGH LOW SS T-SHIRT,LYCRA JERSEY/50% ORGANIC COTTON 45% COTTON 5% ELASTANE/160 GSM,2025-08-25 00:00:00,SP01-2025-00724,SINGAPORE,SECRET BLUE-G7HR/19-4111 TCX,,12,12,,,13,20,20,20,,15,10,,122,,
171,,,K6RI10K6YW4,HIGH LOW SS T-SHIRT,LYCRA JERSEY/50% ORGANIC COTTON 45% COTTON 5% ELASTANE/160 GSM,2025-08-25 00:00:00,MA01-2025-02031,NETHERLANDS (CLL),SECRET BLUE-G7HR/19-4111 TCX,,29,35,38,43,35,62,62,61,43,61,59,,528,,
176,,,K6RI10K6YW4,HIGH LOW SS T-SHIRT,LYCRA JERSEY/50% ORGANIC COTTON 45% COTTON 5% ELASTANE/160 GSM,2025-09-08 00:00:00,MA01-2025-02747,NETHERLANDS (CLL),SECRET BLUE-G7HR/19-4111 TCX,,22,31,35,31,45,60,61,59,36,60,54,,494,,
,,,,,,,,SUB TOTAL,,,63,78,73,74,93,142,143,140,79,136,123,,1144,,
IO NO ,UNIT ,STYLE PIC,STYLE ,STYLE DESC,FABRIC ,SHIPMENT DATE,PO NO,COUNTRY,Combo,*0/3,*3/6,*6/9,*12,*24,*2,*3,*4,*5,*18,*6,*6X/7,*6X/7,Total,GRANT TOTAL,REMARKS
174,,,K6RI18KB020,RIB SS T-SHIRT,Y/D DURBY RIB/100% COTTON/265 GSM,2025-08-25 00:00:00,MA01-2025-02031,NETHERLANDS (CLL),STRIPE WHITE NAVY SI-SWNS,,20,25,31,24,93,113,121,113,35,115,85,,775,1427,
174,,,K6RI18KB020,RIB SS T-SHIRT,Y/D DURBY RIB/100% COTTON/265 GSM,2025-08-25 00:00:00,IT-50350,CANADA (WLS),STRIPE WHITE NAVY SI-SWNS,,,,,,4,8,8,10,,10,8,,48,,
174,,,K6RI18KB020,RIB SS T-SHIRT,Y/D DURBY RIB/100% COTTON/265 GSM,2025-08-25 00:00:00,SP01-2025-00724,SINGAPORE,STRIPE WHITE NAVY SI-SWNS,,,,,,11,18,32,28,,20,16,,125,,
174,,,K6RI18KB020,RIB SS T-SHIRT,Y/D DURBY RIB/100% COTTON/265 GSM,2025-08-25 00:00:00,US01-2025-00735(IK-96743),UNITED STATES (WLS),STRIPE WHITE NAVY SI-SWNS,,,,,,10,10,10,11,,11,10,,62,,
277,,,K6RI18KB020,RIB SS T-SHIRT,Y/D DURBY RIB/100% COTTON/265 GSM,2025-09-08 00:00:00,MA01-2025-02747,A,STRIPE WHITE NAVY SI-SWNS,,7,10,9,10,12,23,22,23,8,23,20,,167,,
,,,,,,,,SUB TOTAL,,,27,35,40,34,130,172,193,185,43,179,139,,1177,,
174,,,K6RI18KB020,RIB SS T-SHIRT,Y/D DURBY RIB/100% COTTON/265 GSM,2025-08-25 00:00:00,AU01-2025-00760,AUSTRALIA (DIR),RED SECRET PINK ST-ST56,,,,,,7,9,9,9,,9,7,,50,,
174,,,K6RI18KB020,RIB SS T-SHIRT,Y/D DURBY RIB/100% COTTON/265 GSM,2025-08-25 00:00:00,MA01-2025-02031,NETHERLANDS (CLL),RED SECRET PINK ST-ST56,,3,4,4,2,30,30,34,32,4,34,23,,200,,
,,,,,,,,SUB TOTAL,,,3,4,4,2,37,39,43,41,4,43,30,,250,,
IO NO ,UNIT ,STYLE PIC,STYLE ,STYLE DESC,FABRIC ,SHIPMENT DATE,PO NO,COUNTRY,Combo,*0/3,*3/6,*6/9,*12,*24,*2,*3,*4,*5,*18,*6,*6X/7,*6X/7,Total,GRANT TOTAL,REMARKS
187,,,N6RI02K8HM4,SS T-SHIRT,SINGLE JERSEY/50% ORGANIC COTTON 50% COTTON/160 GSM,2025-08-25 00:00:00,MA01-2025-02031,NETHERLANDS (CLL),JET BLACK A996-JBLK,,20,20,25,23,109,133,140,142,27,139,122,,900,,
290,,,N6RI02K8HM4,SS T-SHIRT,SINGLE JERSEY/50% ORGANIC COTTON 50% COTTON/160 GSM,2025-09-08 00:00:00,MA01-2025-02747,NETHERLANDS (CLL),JET BLACK A996-JBLK,,5,6,3,3,27,33,33,32,4,31,25,,202,,
,,,,,,,,SUB TOTAL,,,25,26,28,26,136,166,173,174,31,170,147,,1102,,
187,,,N6RI02K8HM4,SS T-SHIRT,SINGLE JERSEY/50% ORGANIC COTTON 50% COTTON/160 GSM,2025-08-25 00:00:00,MA01-2025-02031,NETHERLANDS (CLL),PURE WHITE-G011/11-4001 TCX,,35,35,46,28,134,201,225,207,50,170,121,,1252,4164,
187,,,N6RI02K8HM4,SS T-SHIRT,SINGLE JERSEY/50% ORGANIC COTTON 50% COTTON/160 GSM,2025-08-25 00:00:00,SP01-2025-00724,SINGAPORE,PURE WHITE-G011/11-4001 TCX,,,,,,,,16,14,,10,8,,48,,
290,,,N6RI02K8HM4,SS T-SHIRT,SINGLE JERSEY/50% ORGANIC COTTON 50% COTTON/160 GSM,2025-09-08 00:00:00,MA01-2025-02747,NETHERLANDS (CLL),PURE WHITE-G011/11-4001 TCX,,28,31,28,33,12,33,31,32,28,43,47,,346,,
,,,,,,,,SUB TOTAL,,,63,66,74,61,146,234,272,253,78,223,176,,1646,,
187,,,N6RI02K8HM4,SS T-SHIRT,SINGLE JERSEY/50% ORGANIC COTTON 50% COTTON/160 GSM,2025-08-25 00:00:00,MA01-2025-02031,NETHERLANDS (CLL),SPICY RED-G5D7/18-1657 TCX,,25,25,25,20,75,100,105,105,28,104,92,,704,,
187,,,N6RI02K8HM4,SS T-SHIRT,SINGLE JERSEY/50% ORGANIC COTTON 50% COTTON/160 GSM,2025-08-25 00:00:00,SP01-2025-00724,SINGAPORE,SPICY RED-G5D7/18-1657 TCX,,,,,,14,21,20,17,,14,10,,96,,
290,,,N6RI02K8HM4,SS T-SHIRT,SINGLE JERSEY/50% ORGANIC COTTON 50% COTTON/160 GSM,2025-09-08 00:00:00,MA01-2025-02747,NETHERLANDS (CLL),SPICY RED-G5D7/18-1657 TCX,,40,42,45,47,33,73,73,78,45,75,65,,616,,
,,,,,,,,SUB TOTAL,,,65,67,70,67,122,194,198,200,73,193,167,,1416,,
IO NO ,UNIT ,STYLE PIC,STYLE ,STYLE DESC,FABRIC ,SHIPMENT DATE,PO NO,COUNTRY,Combo,*0/3,*3/6,*6/9,*12,*24,*2,*3,*4,*5,*18,*6,*6X/7,*6X/7,Total,GRANT TOTAL,REMARKS
185,,,N6RI03K8HM4,SS T-SHIRT,SINGLE JERSEY/50% ORGANIC COTTON 50% COTTON/160 GSM,2025-08-25 00:00:00,MA01-2025-02031,NETHERLANDS (CLL),PURE WHITE-G011/11-4001 TCX,,20,29,39,37,68,98,113,104,44,102,76,,730,2123,
185,,,N6RI03K8HM4,SS T-SHIRT,SINGLE JERSEY/50% ORGANIC COTTON 50% COTTON/160 GSM,2025-08-25 00:00:00,SP01-2025-00724,SINGAPORE,PURE WHITE-G011/11-4001 TCX,,,,,,10,14,14,11,,11,10,,70,,
291,,,N6RI03K8HM4,SS T-SHIRT,SINGLE JERSEY/50% ORGANIC COTTON 50% COTTON/160 GSM,2025-09-08 00:00:00,MA01-2025-02747,NETHERLANDS (CLL),PURE WHITE-G011/11-4001 TCX,,26,23,30,27,20,29,31,26,31,29,23,,295,,
,,,,,,,,SUB TOTAL,,,46,52,69,64,98,141,158,141,75,142,109,,1095,,
185,,,N6RI03K8HM4,SS T-SHIRT,SINGLE JERSEY/50% ORGANIC COTTON 50% COTTON/160 GSM,2025-08-25 00:00:00,MA01-2025-02031,NETHERLANDS (CLL),SPICY RED-G5D7/18-1657 TCX,,30,30,45,38,59,95,100,100,50,100,83,,730,,
185,,,N6RI03K8HM4,SS T-SHIRT,SINGLE JERSEY/50% ORGANIC COTTON 50% COTTON/160 GSM,2025-08-25 00:00:00,SP01-2025-00724,SINGAPORE,SPICY RED-G5D7/18-1657 TCX,,,,,,10,14,14,11,,11,10,,70,,
291,,,N6RI03K8HM4,SS T-SHIRT,SINGLE JERSEY/50% ORGANIC COTTON 50% COTTON/160 GSM,2025-09-08 00:00:00,MA01-2025-02747,NETHERLANDS (CLL),SPICY RED-G5D7/18-1657 TCX,,17,23,23,22,17,23,22,20,26,22,13,,228,,
,,,,,,,,SUB TOTAL,,,47,53,68,60,86,132,136,131,76,133,106,,1028,,
IO NO ,UNIT ,STYLE PIC,STYLE ,STYLE DESC,FABRIC ,SHIPMENT DATE,PO NO,COUNTRY,Combo,*0/3,*3/6,*6/9,*12,*24,*2,*3,*4,*5,*18,*6,*6X/7,*6X/7,Total,GRANT TOTAL,REMARKS
183,,,N6RI06K8HM4,SS T-SHIRT,SINGLE JERSEY/50% ORGANIC COTTON 50% COTTON/160 GSM,2025-08-25 00:00:00,MA01-2025-02031,NETHERLANDS (CLL),PURE WHITE-G011/11-4001 TCX,,4,7,10,6,65,94,99,92,15,91,61,,544,600,
183,,,N6RI06K8HM4,SS T-SHIRT,SINGLE JERSEY/50% ORGANIC COTTON 50% COTTON/160 GSM,2025-08-25 00:00:00,SP01-2025-00724,SINGAPORE,PURE WHITE-G011/11-4001 TCX,,,,,,2,3,19,16,,11,5,,56,,
,,,,,,,,SUB TOTAL,,,4,7,10,6,67,97,118,108,15,102,66,,600,,
IO NO ,UNIT ,STYLE PIC,STYLE ,STYLE DESC,FABRIC ,SHIPMENT DATE,PO NO,COUNTRY,Combo,*0/3,*3/6,*6/9,*12,*24,*2,*3,*4,*5,*18,*6,*6X/7,*6X/7,Total,GRANT TOTAL,REMARKS
182,,,N6RI26KCM20,GMT DYE JACQ JERSEY SS T-SHIRT,JACQUARD JERSEY/100% COTTON/180 GSM,2025-08-25 00:00:00,MA01-2025-02031,NETHERLANDS (CLL),ARCTIC SKY-G7N1,,18,20,25,20,40,60,63,60,30,60,56,,452,1416,
182,,,N6RI26KCM20,GMT DYE JACQ JERSEY SS T-SHIRT,JACQUARD JERSEY/100% COTTON/180 GSM,2025-08-25 00:00:00,SP01-2025-00724,SINGAPORE,ARCTIC SKY-G7N1,,,,,,2,3,17,13,,9,4,,48,,
,,,,,,,,SUB TOTAL,,,18,20,25,20,42,63,80,73,30,69,60,,500,,
182,,,N6RI26KCM20,GMT DYE JACQ JERSEY SS T-SHIRT,JACQUARD JERSEY/100% COTTON/180 GSM,2025-08-25 00:00:00,MA01-2025-02031,NETHERLANDS (CLL),PURE WHITE-G011/11-4001 TCX,,30,30,39,27,65,86,86,83,40,86,78,,650,,
292,,,N6RI26KCM20,GMT DYE JACQ JERSEY SS T-SHIRT,JACQUARD JERSEY/100% COTTON/180 GSM,2025-09-08 00:00:00,MA01-2025-02747,NETHERLANDS (CLL),PURE WHITE-G011/11-4001 TCX,,17,23,17,20,13,34,35,34,20,28,25,,266,,
,,,,,,,,SUB TOTAL,,,47,53,56,47,78,120,121,117,60,114,103,,916,,
IO NO ,UNIT ,STYLE PIC,STYLE ,STYLE DESC,FABRIC ,SHIPMENT DATE,PO NO,COUNTRY,Combo,*0/3,*3/6,*6/9,*12,*24,*2,*3,*4,*5,*18,*6,*6X/7,*6X/7,Total,GRANT TOTAL,REMARKS
219,,,H4BT01I3Z14,SS T SHIRT,SINGLE JERSEY/50% ORGANIC COTTON 50% COTTON/180 GSM,2025-09-07 00:00:00,MA01-2025-02675,NETHERLANDS (CLL),COTTON CANDY PINK-G65U/13-2802 TCX,,23,36,52,65,33,100,92,77,70,70,41,,659,3082,
219,,,H4BT01I3Z14,SS T SHIRT,SINGLE JERSEY/50% ORGANIC COTTON 50% COTTON/180 GSM,2025-09-07 00:00:00,MA01-2025-02675,NETHERLANDS (CLL),JET BLACK A996-JBLK,,,1,8,1,42,41,46,46,10,45,36,,276,,
219,,,H4BT01I3Z14,SS T SHIRT,SINGLE JERSEY/50% ORGANIC COTTON 50% COTTON/180 GSM,2025-09-07 00:00:00,MA01-2025-02675,NETHERLANDS (CLL),PURE WHITE-G011/11-4001 TCX,,67,94,123,124,81,202,187,165,144,148,112,,1447,,
219,,,H4BT01I3Z14,SS T SHIRT,SINGLE JERSEY/50% ORGANIC COTTON 50% COTTON/180 GSM,2025-09-07 00:00:00,MA01-2025-02675,NETHERLANDS (CLL),SMART BLUE-G7V2/19-3924 TCX,,31,40,58,68,29,102,93,80,71,72,56,,700,,
,,,,,,,,SUB TOTAL,,,121,171,241,258,185,445,418,368,295,335,245,,3082,,
IO NO ,UNIT ,STYLE PIC,STYLE ,STYLE DESC,FABRIC ,SHIPMENT DATE,PO NO,COUNTRY,Combo,*0/3,*3/6,*6/9,*12,*24,*2,*3,*4,*5,*18,*6,*6X/7,*6X/7,Total,GRANT TOTAL,REMARKS
278,,,K6RK11KAD74,FRENCH TERRY SS DRESS,FRENCH TERRY/50% ORGANIC COTTON 50% COTTON/340 GSM,2025-09-07 00:00:00,MA01-2025-02675,NETHERLANDS (CLL),PURE WHITE-G011/11-4001 TCX,,,,,,52,79,93,97,,99,,74,494,1619,
278,,,K6RK11KAD74,FRENCH TERRY SS DRESS,FRENCH TERRY/50% ORGANIC COTTON 50% COTTON/340 GSM,2025-09-07 00:00:00,MA03-2025-02321,POLAND,PURE WHITE-G011/11-4001 TCX,,,,,,54,67,61,54,,24,,,260,,
278,,,K6RK11KAD74,FRENCH TERRY SS DRESS,FRENCH TERRY/50% ORGANIC COTTON 50% COTTON/340 GSM,2025-09-07 00:00:00,MA03-2025-02323,ITALY,PURE WHITE-G011/11-4001 TCX,,,,,,29,36,33,29,,13,,,140,,
,,,,,,,,SUB TOTAL,,,,,,,135,182,187,180,,136,,74,894,,
278,,,K6RK11KAD74,FRENCH TERRY SS DRESS,FRENCH TERRY/50% ORGANIC COTTON 50% COTTON/340 GSM,2025-09-07 00:00:00,MA01-2025-02675,NETHERLANDS (CLL),SECRET BLUE-G7HR/19-4111 TCX,,,,,,116,136,138,123,,117,95,,725,,
,,,,,,,,SUB TOTAL,,,,,,,116,136,138,123,,117,95,,725,,
IO NO ,UNIT ,STYLE PIC,STYLE ,STYLE DESC,FABRIC ,SHIPMENT DATE,PO NO,COUNTRY,Combo,*0/3,*3/6,*6/9,*12,*24,*2,*3,*4,*5,*18,*6,*6X/7,*6X/7,Total,GRANT TOTAL,REMARKS
280,,,K6RQ03KAD74,LS ACTIVE TOP,FRENCH TERRY/50% ORGANIC COTTON 50% COTTON/340 GSM,2025-09-07 00:00:00,MA01-2025-02675,NETHERLANDS (CLL),BLUSHED BRIDE-G62O/12-1310 TCX,,29,34,39,33,68,94,103,106,46,105,76,,733,2055,
,,,,,,,,SUB TOTAL,,,29,34,39,33,68,94,103,106,46,105,76,,733,,
280,,,K6RQ03KAD74,LS ACTIVE TOP,FRENCH TERRY/50% ORGANIC COTTON 50% COTTON/340 GSM,2025-09-07 00:00:00,MA01-2025-02675,NETHERLANDS (CLL),PURE WHITE-G011/11-4001 TCX,,5,7,10,13,65,93,100,87,16,93,33,,522,,
280,,,K6RQ03KAD74,LS ACTIVE TOP,FRENCH TERRY/50% ORGANIC COTTON 50% COTTON/340 GSM,2025-09-07 00:00:00,MA02-2025-01768,NETHERLANDS(RTL),PURE WHITE-G011/11-4001 TCX,,,,,,37,36,36,21,,20,,,150,,
280,,,K6RQ03KAD74,LS ACTIVE TOP,FRENCH TERRY/50% ORGANIC COTTON 50% COTTON/340 GSM,2025-09-07 00:00:00,MA03-2025-02321,POLAND,PURE WHITE-G011/11-4001 TCX,,,,,,104,114,98,68,,39,,,423,,
280,,,K6RQ03KAD74,LS ACTIVE TOP,FRENCH TERRY/50% ORGANIC COTTON 50% COTTON/340 GSM,2025-09-07 00:00:00,MA03-2025-02323,ITALY,PURE WHITE-G011/11-4001 TCX,,,,,,56,61,52,37,,21,,,227,,
,,,,,,,,SUB TOTAL,,,5,7,10,13,262,304,286,213,16,173,33,,1322,,
IO NO ,UNIT ,STYLE PIC,STYLE ,STYLE DESC,FABRIC ,SHIPMENT DATE,PO NO,COUNTRY,Combo,*0/3,*3/6,*6/9,*12,*24,*2,*3,*4,*5,*18,*6,*6X/7,*6X/7,Total,GRANT TOTAL,REMARKS
288,,,N0BI22I3Z00,SS T-SHIRT,SINGLE JERSEY/100% COTTON/180 GSM,2025-09-07 00:00:00,MA01-2025-02675,NETHERLANDS (CLL),TRUE WHITE A000-TWHT,,14,45,53,100,6,144,177,144,59,90,18,,850,850,
,,,,,,,,SUB TOTAL,,,14,45,53,100,6,144,177,144,59,90,18,,850,,
IO NO ,UNIT ,STYLE PIC,STYLE ,STYLE DESC,FABRIC ,SHIPMENT DATE,PO NO,COUNTRY,Combo,*0/3,*3/6,*6/9,*12,*24,*2,*3,*4,*5,*18,*6,*6X/7,*6X/7,Total,GRANT TOTAL,REMARKS
289,,,N0BI26I3Z00,LS T-SHIRT,SINGLE JERSEY/100% COTTON/180 GSM,2025-09-07 00:00:00,MA01-2025-02675,NETHERLANDS (CLL),TRUE WHITE A000-TWHT,,20,50,66,80,19,102,93,77,90,67,36,,700,1700,
289,,,N0BI26I3Z00,LS T-SHIRT,SINGLE JERSEY/100% COTTON/180 GSM,2025-09-07 00:00:00,MA03-2025-02321,POLAND,TRUE WHITE A000-TWHT,,17,34,59,,95,156,113,66,69,41,,,650,,
289,,,N0BI26I3Z00,LS T-SHIRT,SINGLE JERSEY/100% COTTON/180 GSM,2025-09-07 00:00:00,MA03-2025-02323,INDIA,TRUE WHITE A000-TWHT,,9,19,32,,51,84,61,35,37,22,,,350,,
,,,,,,,,SUB TOTAL,,,46,103,157,80,165,342,267,178,196,130,36,,1700,,
IO NO ,UNIT ,STYLE PIC,STYLE ,STYLE DESC,FABRIC ,SHIPMENT DATE,PO NO,COUNTRY,Combo,*0/3,*3/6,*6/9,*12,*24,*2,*3,*4,*5,*18,*6,*6X/7,*6X/7,Total,GRANT TOTAL,REMARKS
311,,,A6RG13KA6R4,SET LS ACTIVE TOP PANTS,FRENCH TERRY/50% ORGANIC COTTON 50% COTTON/290 GSM,2025-10-02 00:00:00,MA01-2025-02675,NETHERLANDS (CLL),LIGHT BLUE SKY-A732/15-4031 TCX,62,250,337,383,387,,,,,434,,,,1853,2226,
311,,,A6RG13KA6R4,SET LS ACTIVE TOP PANTS,FRENCH TERRY/50% ORGANIC COTTON 50% COTTON/290 GSM,2025-10-02 00:00:00,MA02-2025-01768,NETHERLANDS(RTL),LIGHT BLUE SKY-A732/15-4031 TCX,,20,25,26,17,,,,,25,,,,113,,
311,,,A6RG13KA6R4,SET LS ACTIVE TOP PANTS,FRENCH TERRY/50% ORGANIC COTTON 50% COTTON/290 GSM,2025-10-02 00:00:00,MA03-2025-02321,POLAND,LIGHT BLUE SKY-A732/15-4031 TCX,16,22,21,24,32,,,,,54,,,,169,,
311,,,A6RG13KA6R4,SET LS ACTIVE TOP PANTS,FRENCH TERRY/50% ORGANIC COTTON 50% COTTON/290 GSM,2025-10-02 00:00:00,MA03-2025-02323,ITALY,LIGHT BLUE SKY-A732/15-4031 TCX,9,12,11,13,17,,,,,29,,,,91,,
,,,,,,,,SUB TOTAL,,87,304,394,446,453,,,,,542,,,,2226,,
IO NO ,UNIT ,STYLE PIC,STYLE ,STYLE DESC,FABRIC ,SHIPMENT DATE,PO NO,COUNTRY,Combo,*0/3,*3/6,*6/9,*12,*24,*2,*3,*4,*5,*18,*6,*6X/7,*6X/7,Total,GRANT TOTAL,REMARKS
312,,,I6RG13KC484,SET GMT DYE T-SHIRT SHORT_CERE,TOP-JACQUARD JERSEY/50% ORGANIC COTTON 50% COTTON/205 GSM   BOTTOM-FRENCH TERRY/50% ORGANIC COTTON 50% COTTON/290 GSM,2025-09-07 00:00:00,MA01-2025-02675,NETHERLANDS (CLL),LIGHT BLUE LUXE-G76S/16-3922 TCX,15,53,87,109,116,,,,,128,,,,508,508,
,,,,,,,,SUB TOTAL,,15,53,87,109,116,,,,,128,,,,508,,
