IO NO,UNIT ,STYLE PIC,StyleNo,StyleDesc,BaseFabricQuality,ShipmentDate,PONo,Country,Combo,*7,*8,*10,*12,*14,*16,*18,Total,G.TOTAL,REMAKRS
162,,,J6RI06K6YW4,CROP SS T-SHIRT,LYCRA JERSEY/50% ORGANIC COTTON 45% COTTON 5% ELASTANE/160 GSM,2025-08-25 00:00:00,MA01-2025-02031,NETHERLANDS (CLL),BLOOMING AZALEA-A61T/15-2213 TCX,62,213,333,375,353,243,,1579,9332,
162,,,J6RI06K6YW4,CROP SS T-SHIRT,LYCRA JERSEY/50% ORGANIC COTTON 45% COTTON 5% ELASTANE/160 GSM,2025-08-25 00:00:00,MX01-2025-01006,MEXICO (DIR),BLOOMING AZALEA-A61T/15-2213 TCX,129,144,209,282,282,225,,1271,,
162,,,J6RI06K6YW4,CROP SS T-SHIRT,LYCRA JERSEY/50% ORGANIC COTTON 45% COTTON 5% ELASTANE/160 GSM,2025-08-25 00:00:00,SP01-2025-00724,SINGAPORE,BLOOMING AZALEA-A61T/15-2213 TCX,,8,12,12,10,8,,50,,
162,,,J6RI06K6YW4,CROP SS T-SHIRT,LYCRA JERSEY/50% ORGANIC COTTON 45% COTTON 5% ELASTANE/160 GSM,2025-08-25 00:00:00,US01-2025-00723(IK-96731,UNITED STATES (WLS),BLOOMING AZALEA-A61T/15-2213 TCX,32,39,48,51,42,27,,239,,
162,,,J6RI06K6YW4,CROP SS T-SHIRT,LYCRA JERSEY/50% ORGANIC COTTON 45% COTTON 5% ELASTANE/160 GSM,2025-08-25 00:00:00,US11-2025-00879(EK-11048),UNITED STATES (WLS),BLOOMING AZALEA-A61T/15-2213 TCX,13,16,20,24,22,19,,114,,
246,,,J6RI06K6YW4,CROP SS T-SHIRT,LYCRA JERSEY/50% ORGANIC COTTON 45% COTTON 5% ELASTANE/160 GSM,2025-09-08 00:00:00,MA01-2025-02760,NETHERLANDS (CLL),BLOOMING AZALEA-A61T/15-2213 TCX,15,68,84,88,79,56,,390,,
,,,,,,,,,SUB TOTAL,251,488,706,832,788,578,,3643,,
162,,,J6RI06K6YW4,CROP SS T-SHIRT,LYCRA JERSEY/50% ORGANIC COTTON 45% COTTON 5% ELASTANE/160 GSM,2025-08-25 00:00:00,MA01-2025-02031,NETHERLANDS (CLL),CHILI RED-G532/19-1557 TCX,43,209,247,259,238,204,,1200,,
246,,,J6RI06K6YW4,CROP SS T-SHIRT,LYCRA JERSEY/50% ORGANIC COTTON 45% COTTON 5% ELASTANE/160 GSM,2025-09-08 00:00:00,MA01-2025-02747,NETHERLANDS (CLL),CHILI RED-G532/19-1557 TCX,14,121,156,179,163,102,,735,,
,,,,,,,,,SUB TOTAL,57,330,403,438,401,306,,1935,,
162,,,J6RI06K6YW4,CROP SS T-SHIRT,LYCRA JERSEY/50% ORGANIC COTTON 45% COTTON 5% ELASTANE/160 GSM,2025-08-25 00:00:00,MA01-2025-02031,NETHERLANDS (CLL),PURE WHITE-G011/11-4001 TCX,39,143,231,275,221,173,,1082,,
162,,,J6RI06K6YW4,CROP SS T-SHIRT,LYCRA JERSEY/50% ORGANIC COTTON 45% COTTON 5% ELASTANE/160 GSM,2025-08-25 00:00:00,MX01-2025-01006,MEXICO (DIR),PURE WHITE-G011/11-4001 TCX,87,102,156,223,223,181,,972,,
162,,,J6RI06K6YW4,CROP SS T-SHIRT,LYCRA JERSEY/50% ORGANIC COTTON 45% COTTON 5% ELASTANE/160 GSM,2025-08-25 00:00:00,SP01-2025-00724,SINGAPORE,PURE WHITE-G011/11-4001 TCX,2,9,11,14,8,4,,48,,
1621,,,J6RI06K6YW4,CROP SS T-SHIRT,LYCRA JERSEY/50% ORGANIC COTTON 45% COTTON 5% ELASTANE/160 GSM,2025-08-25 00:00:00,US01-2025-00723(IK-96731,UNITED STATES (WLS),PURE WHITE-G011/11-4001 TCX,15,19,21,22,16,7,,100,,
246,,,J6RI06K6YW4,CROP SS T-SHIRT,LYCRA JERSEY/50% ORGANIC COTTON 45% COTTON 5% ELASTANE/160 GSM,2025-09-08 00:00:00,MA01-2025-02760,NETHERLANDS (CLL),PURE WHITE-G011/11-4001 TCX,8,54,62,62,63,58,,307,,
,,,,,,,,,SUB TOTAL,151,327,481,596,531,423,,2509,,
162,,,J6RI06K6YW4,CROP SS T-SHIRT,LYCRA JERSEY/50% ORGANIC COTTON 45% COTTON 5% ELASTANE/160 GSM,2025-08-25 00:00:00,MA01-2025-02031,NETHERLANDS (CLL),JET BLACK A996-JBLK,38,133,170,181,167,136,,825,,
1621,,,J6RI06K6YW4,CROP SS T-SHIRT,LYCRA JERSEY/50% ORGANIC COTTON 45% COTTON 5% ELASTANE/160 GSM,2025-08-25 00:00:00,SP01-2025-00724,SINGAPORE,JET BLACK A996-JBLK,,14,18,16,16,11,,75,,
246,,,J6RI06K6YW4,CROP SS T-SHIRT,LYCRA JERSEY/50% ORGANIC COTTON 45% COTTON 5% ELASTANE/160 GSM,2025-09-08 00:00:00,MA01-2025-02747,NETHERLANDS (CLL),JET BLACK A996-JBLK,17,60,70,69,67,62,,345,,
,,,,,,,,,SUB TOTAL,55,207,258,266,250,209,,1245,,
IO NO,UNIT ,STYLE PIC,StyleNo,StyleDesc,BaseFabricQuality,ShipmentDate,PONo,Country,Combo,*7,*8,*10,*12,*14,*16,*18,Total,G.TOTAL,REMAKRS
163,,,J6RI10K6YW4,SS T-SHIRT,LYCRA JERSEY/50% ORGANIC COTTON 45% COTTON 5% ELASTANE/160 GSM,2025-08-25 00:00:00,AU01-2025-00758,AUSTRALIA (DIR),PURE WHITE-G011/11-4001 TCX,9,12,12,12,12,9,,66,15658,
163,,,J6RI10K6YW4,SS T-SHIRT,LYCRA JERSEY/50% ORGANIC COTTON 45% COTTON 5% ELASTANE/160 GSM,2025-08-25 00:00:00,MA01-2025-02031,NETHERLANDS (CLL),PURE WHITE-G011/11-4001 TCX,340,733,922,1035,917,702,,4649,,
1631,,,J6RI10K6YW4,SS T-SHIRT,LYCRA JERSEY/50% ORGANIC COTTON 45% COTTON 5% ELASTANE/160 GSM,2025-08-25 00:00:00,MA02-2025-01332,NETHERLANDS(RTL),PURE WHITE-G011/11-4001 TCX,28,50,54,54,25,19,,230,,
163,,,J6RI10K6YW4,SS T-SHIRT,LYCRA JERSEY/50% ORGANIC COTTON 45% COTTON 5% ELASTANE/160 GSM,2025-08-25 00:00:00,MA03-2025-01756,POLAND,PURE WHITE-G011/11-4001 TCX,30,81,119,122,93,69,,514,,
163,,,J6RI10K6YW4,SS T-SHIRT,LYCRA JERSEY/50% ORGANIC COTTON 45% COTTON 5% ELASTANE/160 GSM,2025-08-25 00:00:00,MA03-2025-01761,ITALY,PURE WHITE-G011/11-4001 TCX,16,43,64,66,50,37,,276,,
163,,,J6RI10K6YW4,SS T-SHIRT,LYCRA JERSEY/50% ORGANIC COTTON 45% COTTON 5% ELASTANE/160 GSM,2025-08-25 00:00:00,MX01-2025-01007,MEXICO (DIR),PURE WHITE-G011/11-4001 TCX,120,135,200,273,273,216,,1217,,
163,,,J6RI10K6YW4,SS T-SHIRT,LYCRA JERSEY/50% ORGANIC COTTON 45% COTTON 5% ELASTANE/160 GSM,2025-08-25 00:00:00,SP01-2025-00724,SINGAPORE,PURE WHITE-G011/11-4001 TCX,2,9,11,14,8,4,,48,,
248,,,J6RI10K6YW4,SS T-SHIRT,LYCRA JERSEY/50% ORGANIC COTTON 45% COTTON 5% ELASTANE/160 GSM,2025-09-08 00:00:00,MA01-2025-02760,NETHERLANDS (CLL),PURE WHITE-G011/11-4001 TCX,9,69,81,75,77,,,311,,
,,,,,,,,,SUB TOTAL,554,1132,1463,1651,1455,1056,,7311,,
163,,,J6RI10K6YW4,SS T-SHIRT,LYCRA JERSEY/50% ORGANIC COTTON 45% COTTON 5% ELASTANE/160 GSM,2025-08-25 00:00:00,IN01-2025-00057,INDIA,BLUSHED BRIDE-G62O/12-1310 TCX,12,12,12,12,12,12,,72,,
163,,,J6RI10K6YW4,SS T-SHIRT,LYCRA JERSEY/50% ORGANIC COTTON 45% COTTON 5% ELASTANE/160 GSM,2025-08-25 00:00:00,MA01-2025-02031,NETHERLANDS (CLL),BLUSHED BRIDE-G62O/12-1310 TCX,85,129,171,210,193,170,,958,,
163,,,J6RI10K6YW4,SS T-SHIRT,LYCRA JERSEY/50% ORGANIC COTTON 45% COTTON 5% ELASTANE/160 GSM,2025-08-25 00:00:00,MA02-2025-01332,NETHERLANDS(RTL),BLUSHED BRIDE-G62O/12-1310 TCX,9,13,17,17,9,5,,70,,
248,,,J6RI10K6YW4,SS T-SHIRT,LYCRA JERSEY/50% ORGANIC COTTON 45% COTTON 5% ELASTANE/160 GSM,2025-09-08 00:00:00,MA01-2025-02747,NETHERLANDS (CLL),BLUSHED BRIDE-G62O/12-1310 TCX,15,29,38,41,35,29,,187,,
,,,,,,,,,SUB TOTAL,121,183,238,280,249,216,,1287,,
163,,,J6RI10K6YW4,SS T-SHIRT,LYCRA JERSEY/50% ORGANIC COTTON 45% COTTON 5% ELASTANE/160 GSM,2025-08-25 00:00:00,MX01-2025-01007,MEXICO (DIR),SECRET BLUE-G7HR/19-4111 TCX,87,102,156,223,223,181,,972,,
163,,,J6RI10K6YW4,SS T-SHIRT,LYCRA JERSEY/50% ORGANIC COTTON 45% COTTON 5% ELASTANE/160 GSM,2025-08-25 00:00:00,MA01-2025-02031,NETHERLANDS (CLL),SECRET BLUE-G7HR/19-4111 TCX,255,315,370,410,363,215,,1928,,
,,,,,,,,,SUB TOTAL,342,417,526,633,586,396,,2900,,
163,,,J6RI10K6YW4,SS T-SHIRT,LYCRA JERSEY/50% ORGANIC COTTON 45% COTTON 5% ELASTANE/160 GSM,2025-08-25 00:00:00,MA02-2025-01332,NETHERLANDS(RTL),JET BLACK A996-JBLK,19,36,36,36,15,14,,156,,
163,,,J6RI10K6YW4,SS T-SHIRT,LYCRA JERSEY/50% ORGANIC COTTON 45% COTTON 5% ELASTANE/160 GSM,2025-08-25 00:00:00,MA03-2025-01759,POLAND,JET BLACK A996-JBLK,8,21,32,33,25,18,,137,,
163,,,J6RI10K6YW4,SS T-SHIRT,LYCRA JERSEY/50% ORGANIC COTTON 45% COTTON 5% ELASTANE/160 GSM,2025-08-25 00:00:00,MA03-2025-01761,ITALY,JET BLACK A996-JBLK,4,12,17,18,13,10,,74,,
163,,,J6RI10K6YW4,SS T-SHIRT,LYCRA JERSEY/50% ORGANIC COTTON 45% COTTON 5% ELASTANE/160 GSM,2025-08-25 00:00:00,MA01-2025-02031,NETHERLANDS (CLL),JET BLACK A996-JBLK,144,260,334,380,345,270,,1733,,
,,,,,,,,,SUB TOTAL,175,329,419,467,398,312,,2100,,
163,,,J6RI10K6YW4,SS T-SHIRT,LYCRA JERSEY/50% ORGANIC COTTON 45% COTTON 5% ELASTANE/160 GSM,2025-08-25 00:00:00,MA01-2025-02031,NETHERLANDS (CLL),LIGHT BLUE SKY-A732/15-4031 TCX,100,171,230,281,253,211,,1246,,
163,,,J6RI10K6YW4,SS T-SHIRT,LYCRA JERSEY/50% ORGANIC COTTON 45% COTTON 5% ELASTANE/160 GSM,2025-08-25 00:00:00,IN01-2025-00057,INDIA,LIGHT BLUE SKY-A732/15-4031 TCX,12,12,12,12,12,12,,72,,
163,,,J6RI10K6YW4,SS T-SHIRT,LYCRA JERSEY/50% ORGANIC COTTON 45% COTTON 5% ELASTANE/160 GSM,2025-08-25 00:00:00,SP01-2025-00724,SINGAPORE,LIGHT BLUE SKY-A732/15-4031 TCX,2,11,13,18,10,4,,58,,
163,,,J6RI10K6YW4,SS T-SHIRT,LYCRA JERSEY/50% ORGANIC COTTON 45% COTTON 5% ELASTANE/160 GSM,2025-08-25 00:00:00,MA02-2025-01332,NETHERLANDS(RTL),LIGHT BLUE SKY-A732/15-4031 TCX,9,13,17,17,9,5,,70,,
163,,,J6RI10K6YW4,SS T-SHIRT,LYCRA JERSEY/50% ORGANIC COTTON 45% COTTON 5% ELASTANE/160 GSM,2025-08-25 00:00:00,MX01-2025-01007,MEXICO (DIR),LIGHT BLUE SKY-A732/15-4031 TCX,34,34,46,52,52,36,,254,,
248,,,J6RI10K6YW4,SS T-SHIRT,LYCRA JERSEY/50% ORGANIC COTTON 45% COTTON 5% ELASTANE/160 GSM,2025-09-08 00:00:00,MA01-2025-02760,NETHERLANDS (CLL),LIGHT BLUE SKY-A732/15-4031 TCX,26,59,71,78,69,57,,360,,
,,,,,,,,,SUB TOTAL,183,300,389,458,405,325,,2060,,
IO NO,UNIT ,STYLE PIC,StyleNo,StyleDesc,BaseFabricQuality,ShipmentDate,PONo,Country,Combo,*7,*8,*10,*12,*14,*16,*18,Total,G.TOTAL,REMAKRS
164,,,J6RI27KB020,RIB SS T-SHIRT,Y/D DURBY RIB/100% COTTON/265 GSM,2025-08-23 00:00:00,MA01-2025-02031,NETHERLANDS (CLL),RED SECRET PINK ST- ST56,25,80,150,194,179,122,,750,1839,
164,,,J6RI27KB020,RIB SS T-SHIRT,Y/D DURBY RIB/100% COTTON/265 GSM,2025-08-23 00:00:00,US01-2025-00724(K-96732),UNITED STATES (WLS),RED SECRET PINK ST- ST56,7,7,7,10,10,7,,48,,
253,,,J6RI27KB020,RIB SS T-SHIRT,Y/D DURBY RIB/100% COTTON/265 GSM,2025-09-08 00:00:00,MA01-2025-02747,NETHERLANDS (CLL),RED  SECRET PINK ST-ST56,4,41,51,54,48,43,,241,,
,,,,,,,,,SUB TOTAL,36,128,208,258,237,172,,1039,,
164,,,J6RI27KB020,RIB SS T-SHIRT,Y/D DURBY RIB/100% COTTON/265 GSM,2025-08-23 00:00:00,MA01-2025-02031,NETHERLANDS (CLL),STRIPE WHITE NAVY SI- SWNS,35,120,170,205,157,113,,800,,
,,,,,,,,,SUB TOTAL,35,120,170,205,157,113,,800,,
IO NO,UNIT ,STYLE PIC,StyleNo,StyleDesc,BaseFabricQuality,ShipmentDate,PONo,Country,Combo,*7,*8,*10,*12,*14,*16,*18,Total,G.TOTAL,REMAKRS
165,,,J6RI29KBZP4,RIB LS T-SHIRT,LYCRA DURBY RIB/50% ORGANIC COTTON 46% COTTON 4% LYCRA/230 GSM,2025-08-25 00:00:00,IN01-2025-00058,INDIA,BLOOMING AZALEA-A61T/15-2213 TCX,12,12,12,12,12,12,,72,4447,
165,,,J6RI29KBZP4,RIB LS T-SHIRT,LYCRA DURBY RIB/50% ORGANIC COTTON 46% COTTON 4% LYCRA/230 GSM,2025-08-25 00:00:00,MA01-2025-02031,NETHERLANDS(RTL),BLOOMING AZALEA-A61T/15-2213 TCX,10,27,77,124,123,67,,428,,
165,,,J6RI29KBZP4,RIB LS T-SHIRT,LYCRA DURBY RIB/50% ORGANIC COTTON 46% COTTON 4% LYCRA/230 GSM,2025-08-25 00:00:00,US01-2025-00726(IK-96734),UNITED STATES (WLS),BLOOMING AZALEA-A61T/15-2213 TCX,7,15,16,17,10,5,,70,,
165,,,J6RI29KBZP4,RIB LS T-SHIRT,LYCRA DURBY RIB/50% ORGANIC COTTON 46% COTTON 4% LYCRA/230 GSM,2025-08-25 00:00:00,US11-2025-00880(EK-11049),UNITED STATES (WLS),BLOOMING AZALEA-A61T/15-2213 TCX,10,13,19,19,15,18,,94,,
,,,,,,,,,SUB TOTAL,39,67,124,172,160,102,,664,,
165,,,J6RI29KBZP4,RIB LS T-SHIRT,LYCRA DURBY RIB/50% ORGANIC COTTON 46% COTTON 4% LYCRA/230 GSM,2025-08-25 00:00:00,IN01-2025-00058,INDIA,JET BLACK A996-JBLK,12,12,12,12,12,12,,72,,
165,,,J6RI29KBZP4,RIB LS T-SHIRT,LYCRA DURBY RIB/50% ORGANIC COTTON 46% COTTON 4% LYCRA/230 GSM,2025-08-25 00:00:00,IT-50349,CANADA (WLS),JET BLACK A996-JBLK,4,10,11,11,10,2,,48,,
165,,,J6RI29KBZP4,RIB LS T-SHIRT,LYCRA DURBY RIB/50% ORGANIC COTTON 46% COTTON 4% LYCRA/230 GSM,2025-08-25 00:00:00,MA01-2025-02031,NETHERLANDS(RTL),JET BLACK A996-JBLK,15,160,214,259,263,217,,1128,,
259,,,J6RI29KBZP4,RIB LS T-SHIRT,LYCRA JERSEY/50% ORGANIC COTTON 45% COTTON 5% ELASTANE/160 GSM,2025-09-08 00:00:00,MA01-2025-02752,NETHERLANDS (CLL),JET BLACK A996-JBLK,11,33,39,53,39,,,175,,
,,,,,,,,,SUB TOTAL,42,215,276,335,324,231,,1423,,
165,,,J6RI29KBZP4,RIB LS T-SHIRT,LYCRA DURBY RIB/50% ORGANIC COTTON 46% COTTON 4% LYCRA/230 GSM,2025-08-25 00:00:00,IN01-2025-00058,INDIA,SECRET BLUE-G7HR/19-4111 TCX,12,12,12,12,12,12,,72,,
165,,,J6RI29KBZP4,RIB LS T-SHIRT,LYCRA DURBY RIB/50% ORGANIC COTTON 46% COTTON 4% LYCRA/230 GSM,2025-08-25 00:00:00,MA01-2025-02031,NETHERLANDS(RTL),SECRET BLUE-G7HR/19-4111 TCX,15,100,140,173,173,127,,728,,
,,,,,,,,,SUB TOTAL,27,112,152,185,185,139,,800,,
165,,,J6RI29KBZP4,RIB LS T-SHIRT,LYCRA DURBY RIB/50% ORGANIC COTTON 46% COTTON 4% LYCRA/230 GSM,2025-08-25 00:00:00,US01-2025-00728(IK-96736),UNITED STATES (WLS),PURE WHITE-G011/11-4001 TCX,7,13,14,15,9,2,,60,,
165,,,J6RI29KBZP4,RIB LS T-SHIRT,LYCRA DURBY RIB/50% ORGANIC COTTON 46% COTTON 4% LYCRA/230 GSM,2025-08-25 00:00:00,MA01-2025-02031,NETHERLANDS(RTL),PURE WHITE-G011/11-4001 TCX,20,168,259,359,359,263,,1428,,
165,,,J6RI29KBZP4,RIB LS T-SHIRT,LYCRA DURBY RIB/50% ORGANIC COTTON 46% COTTON 4% LYCRA/230 GSM,2025-08-25 00:00:00,IN01-2025-00058,INDIA,PURE WHITE-G011/11-4001 TCX,12,12,12,12,12,12,,72,,
,,,,,,,,,SUB TOTAL,39,193,285,386,380,277,,1560,,
IO NO,UNIT ,STYLE PIC,StyleNo,StyleDesc,BaseFabricQuality,ShipmentDate,PONo,Country,Combo,*7,*8,*10,*12,*14,*16,*18,Total,G.TOTAL,REMAKRS
177,,,L6RI02K8HM4,SS T-SHIRT,SINGLE JERSEY/50% ORGANIC COTTON 50% COTTON/160 GSM,2025-08-25 00:00:00,MA01-2025-02031,NETHERLANDS (CLL),JET BLACK A996-JBLK,45,115,147,175,196,144,88,910,3968,
177,,,L6RI02K8HM4,SS T-SHIRT,SINGLE JERSEY/50% ORGANIC COTTON 50% COTTON/160 GSM,2025-08-25 00:00:00,SP01-2025-00724,SINGAPORE,JET BLACK A996-JBLK,,17,22,22,17,12,,90,,
,,,,,,,,,SUB TOTAL,45,132,169,197,213,156,88,1000,,
177,,,L6RI02K8HM4,SS T-SHIRT,SINGLE JERSEY/50% ORGANIC COTTON 50% COTTON/160 GSM,2025-08-25 00:00:00,MA01-2025-02031,NETHERLANDS (CLL),PURE WHITE-G011/11-4001 TCX,20,60,70,77,78,60,35,400,,
283,,,L6RI02K8HM4,SS T-SHIRT,SINGLE JERSEY/50% ORGANIC COTTON 50% COTTON/160 GSM,2025-09-08 00:00:00,MA01-2025-02747,NETHERLANDS (CLL),PURE WHITE-G011/11-4001 TCX,9,28,34,35,34,38,18,196,,
,,,,,,,,,SUB TOTAL,20,60,70,77,78,60,35,400,,
177,,,L6RI02K8HM4,SS T-SHIRT,SINGLE JERSEY/50% ORGANIC COTTON 50% COTTON/160 GSM,2025-08-25 00:00:00,MA01-2025-02031,NETHERLANDS (CLL),SPICY RED-G5D7/18-1657 TCX,15,54,61,64,60,51,29,334,,
177,,,L6RI02K8HM4,SS T-SHIRT,SINGLE JERSEY/50% ORGANIC COTTON 50% COTTON/160 GSM,2025-08-25 00:00:00,MX01-2025-01010,MEXICO (DIR),SPICY RED-G5D7/18-1657 TCX,98,110,153,224,240,142,,967,,
177,,,L6RI02K8HM4,SS T-SHIRT,SINGLE JERSEY/50% ORGANIC COTTON 50% COTTON/160 GSM,2025-08-25 00:00:00,SP01-2025-00724,SINGAPORE,SPICY RED-G5D7/18-1657 TCX,3,21,32,34,24,16,,130,,
283,,,L6RI02K8HM4,SS T-SHIRT,SINGLE JERSEY/50% ORGANIC COTTON 50% COTTON/160 GSM,2025-09-08 00:00:00,MA01-2025-02760,NETHERLANDS (CLL),SPICY RED-G5D7/18-1657 TCX,10,38,43,48,44,35,20,238,,
,,,,,,,,,SUB TOTAL,116,185,246,322,324,209,29,1431,,
177,,,L6RI02K8HM4,SS T-SHIRT,SINGLE JERSEY/50% ORGANIC COTTON 50% COTTON/160 GSM,2025-08-25 00:00:00,MA01-2025-02031,NETHERLANDS (CLL),TANZANITE-A70K/19-3954 TCX,18,54,63,71,72,63,39,380,,
177,,,L6RI02K8HM4,SS T-SHIRT,SINGLE JERSEY/50% ORGANIC COTTON 50% COTTON/160 GSM,2025-08-25 00:00:00,SP01-2025-00724,SINGAPORE,TANZANITE-A70K/19-3954 TCX,3,22,33,37,25,15,,135,,
283,,,L6RI02K8HM4,SS T-SHIRT,SINGLE JERSEY/50% ORGANIC COTTON 50% COTTON/160 GSM,2025-09-08 00:00:00,MA01-2025-02747,NETHERLANDS (CLL),TANZANITE-A70K/19-3954 TCX,8,29,33,35,31,31,21,188,,
,,,,,,,,,SUB TOTAL,29,105,129,143,128,109,60,703,,
IO NO,UNIT ,STYLE PIC,StyleNo,StyleDesc,BaseFabricQuality,ShipmentDate,PONo,Country,Combo,*7,*8,*10,*12,*14,*16,*18,Total,G.TOTAL,REMAKRS
179,,,L6RI07K8HM4,OVERSIZE GMT DYE SS T-SHIRT,SINGLE JERSEY/50% ORGANIC COTTON 50% COTTON/160 GSM,2025-08-25 00:00:00,SP01-2025-00724,SINGAPORE,MACCHIATO-G1K6/17-1038 TCX,3,9,12,14,8,4,,50,1600,
179,,,L6RI07K8HM4,OVERSIZE GMT DYE SS T-SHIRT,SINGLE JERSEY/50% ORGANIC COTTON 50% COTTON/160 GSM,2025-08-25 00:00:00,US01-2025-00738(IK-96746),UNITED STATES (WLS),MACCHIATO-G1K6/17-1038 TCX,,13,14,14,16,13,,70,,
179,,,L6RI07K8HM4,OVERSIZE GMT DYE SS T-SHIRT,SINGLE JERSEY/50% ORGANIC COTTON 50% COTTON/160 GSM,2025-08-25 00:00:00,MA01-2025-02031,NETHERLANDS (CLL),MACCHIATO-G1K6/17-1038 TCX,30,80,99,109,105,90,37,550,,
,,,,,,,,,SUB TOTAL,33,102,125,137,129,107,37,670,,
179,,,L6RI07K8HM4,OVERSIZE GMT DYE SS T-SHIRT,SINGLE JERSEY/50% ORGANIC COTTON 50% COTTON/160 GSM,2025-08-25 00:00:00,MA01-2025-02031,NETHERLANDS (CLL),JET BLACK A996-JBLK,20,38,45,50,48,40,22,263,,
179,,,L6RI07K8HM4,OVERSIZE GMT DYE SS T-SHIRT,SINGLE JERSEY/50% ORGANIC COTTON 50% COTTON/160 GSM,2025-08-25 00:00:00,MA02-2025-01325,NETHERLANDS(RTL),JET BLACK A996-JBLK,6,11,11,11,6,6,,51,,
179,,,L6RI07K8HM4,OVERSIZE GMT DYE SS T-SHIRT,SINGLE JERSEY/50% ORGANIC COTTON 50% COTTON/160 GSM,2025-08-25 00:00:00,MA03-2025-01756,POLAND,JET BLACK A996-JBLK,4,8,11,13,11,9,,56,,
179,,,L6RI07K8HM4,OVERSIZE GMT DYE SS T-SHIRT,SINGLE JERSEY/50% ORGANIC COTTON 50% COTTON/160 GSM,2025-08-25 00:00:00,MA03-2025-01761,ITALY,JET BLACK A996-JBLK,2,4,6,7,6,5,,30,,
,,,,,,,,,SUB TOTAL,32,61,73,81,71,60,22,400,,
179,,,L6RI07K8HM4,OVERSIZE GMT DYE SS T-SHIRT,SINGLE JERSEY/50% ORGANIC COTTON 50% COTTON/160 GSM,2025-08-25 00:00:00,SP01-2025-00724,SINGAPORE,SMART BLUE-G7V2/19-3924 TCX,3,11,14,18,10,4,,60,,
179,,,L6RI07K8HM4,OVERSIZE GMT DYE SS T-SHIRT,SINGLE JERSEY/50% ORGANIC COTTON 50% COTTON/160 GSM,2025-08-25 00:00:00,MA01-2025-02031,NETHERLANDS (CLL),SMART BLUE-G7V2/19-3924 TCX,15,30,45,45,44,39,22,240,,
179,,,L6RI07K8HM4,OVERSIZE GMT DYE SS T-SHIRT,SINGLE JERSEY/50% ORGANIC COTTON 50% COTTON/160 GSM,2025-08-25 00:00:00,US01-2025-00741(IK-96749),UNITED STATES (WLS),SMART BLUE-G7V2/19-3924 TCX,,12,14,14,16,14,,70,,
284,,,L6RI07K8HM4,OVERSIZE GMT DYE SS T-SHIRT,SINGLE JERSEY/50% ORGANIC COTTON 50% COTTON/160 GSM,2025-09-08 00:00:00,MA01-2025-02747,NETHERLANDS (CLL),JET BLACK A996-JBLK,8,16,26,34,33,29,14,160,,
,,,,,,,,,SUB TOTAL,26,69,99,111,103,86,36,530,,
IO NO,UNIT ,STYLE PIC,StyleNo,StyleDesc,BaseFabricQuality,ShipmentDate,PONo,Country,Combo,*7,*8,*10,*12,*14,*16,*18,Total,G.TOTAL,REMAKRS
181,,,L6RI08K8HM4,OVERSIZE SS T-SHIRT,SINGLE JERSEY/50% ORGANIC COTTON 50% COTTON/160 GSM,2025-08-25 00:00:00,IN01-2025-00059,INDIA,TANZANITE-A70K/19-3954 TCX,12,12,12,12,12,12,12,84,,
181,,,L6RI08K8HM4,OVERSIZE SS T-SHIRT,SINGLE JERSEY/50% ORGANIC COTTON 50% COTTON/160 GSM,2025-08-25 00:00:00,MA01-2025-02031,NETHERLANDS (CLL),TANZANITE-A70K/19-3954 TCX,17,30,34,36,35,21,16,189,405,
181,,,L6RI08K8HM4,OVERSIZE SS T-SHIRT,SINGLE JERSEY/50% ORGANIC COTTON 50% COTTON/160 GSM,2025-08-25 00:00:00,SP01-2025-00724,SINGAPORE,TANZANITE-A70K/19-3954 TCX,3,11,14,18,10,4,,60,,
181,,,L6RI08K8HM4,OVERSIZE SS T-SHIRT,SINGLE JERSEY/50% ORGANIC COTTON 50% COTTON/160 GSM,2025-08-25 00:00:00,US01-2025-00739(IK-96747),UNITED STATES (WLS),TANZANITE-A70K/19-3954 TCX,,11,12,13,13,12,11,72,,
,,,,,,,,,SUB TOTAL,32,64,72,79,70,49,39,405,,
IO NO,UNIT ,STYLE PIC,StyleNo,StyleDesc,BaseFabricQuality,ShipmentDate,PONo,Country,Combo,*7,*8,*10,*12,*14,*16,*18,Total,G.TOTAL,REMAKRS
184,,,L6RI29KCM20,GMT DYE JACQ JERSEY SS T-SHIRT,JACQUARD JERSEY/100% COTTON/180 GSM,2025-08-25 00:00:00,MA01-2025-02031,NETHERLANDS (CLL),ARCTIC SKY-G7N1,8,34,34,36,36,36,13,197,3237,
184,,,L6RI29KCM20,GMT DYE JACQ JERSEY SS T-SHIRT,JACQUARD JERSEY/100% COTTON/180 GSM,2025-08-25 00:00:00,SP01-2025-00724,SINGAPORE,ARCTIC SKY-G7N1,6,8,10,10,8,6,,48,,
287,,,L6RI29KCM20,GMT DYE SS T-SHIRT_CEREMONY,JACQUARD JERSEY/100% COTTON/180 GSM,2025-09-08 00:00:00,MA01-2025-02747,NETHERLANDS (CLL),ARCTIC SKY-G7N1/14-4115 TCX,10,20,24,27,27,25,18,151,,
,,,,,,,,,SUB TOTAL,24,62,68,73,71,67,31,396,,
184,,,L6RI29KCM20,GMT DYE JACQ JERSEY SS T-SHIRT,JACQUARD JERSEY/100% COTTON/180 GSM,2025-08-25 00:00:00,MA01-2025-02031,NETHERLANDS (CLL),JET BLACK A996-JBLK,20,171,213,226,222,186,62,1100,,
287,,,L6RI29KCM20,GMT DYE SS T-SHIRT_CEREMONY,JACQUARD JERSEY/100% COTTON/180 GSM,2025-09-08 00:00:00,MA01-2025-02747,NETHERLANDS (CLL),JET BLACK A996-JBLK,18,66,74,84,87,77,32,438,,
,,,,,,,,,SUB TOTAL,38,237,287,310,309,263,94,1538,,
184,,,L6RI29KCM20,GMT DYE JACQ JERSEY SS T-SHIRT,JACQUARD JERSEY/100% COTTON/180 GSM,2025-08-25 00:00:00,MA01-2025-02031,NETHERLANDS (CLL),PURE WHITE-G011/11-4001 TCX,20,135,160,177,170,141,49,852,,
184,,,L6RI29KCM20,GMT DYE JACQ JERSEY SS T-SHIRT,JACQUARD JERSEY/100% COTTON/180 GSM,2025-08-25 00:00:00,SP01-2025-00724,SINGAPORE,PURE WHITE-G011/11-4001 TCX,6,8,10,10,8,6,,48,,
287,,,L6RI29KCM20,GMT DYE SS T-SHIRT_CEREMONY,JACQUARD JERSEY/100% COTTON/180 GSM,2025-09-08 00:00:00,MA01-2025-02747,NETHERLANDS (CLL),PURE WHITE-G011/11-4001 TCX,14,63,71,83,73,67,32,403,,
,,,,,,,,,SUB TOTAL,40,206,241,270,251,214,81,1303,,
IO NO,UNIT ,STYLE PIC,StyleNo,StyleDesc,BaseFabricQuality,ShipmentDate,PONo,Country,Combo,*7,*8,*10,*12,*14,*16,*18,Total,G.TOTAL,REMAKRS
216,,,H4BJ06I3Z14,SS T-SHIRT,SINGLE JERSEY/50% ORGANIC COTTON 50% COTTON/180 GSM,2025-09-07 00:00:00,MA01-2025-02675,NETHERLANDS (CLL),COTTON CANDY PINK-G65U/13-2802 TCX,67,120,152,154,127,114,,734,,
216,,,H4BJ06I3Z14,SS T-SHIRT,SINGLE JERSEY/50% ORGANIC COTTON 50% COTTON/180 GSM,2025-09-07 00:00:00,MA01-2025-02675,NETHERLANDS (CLL),JET BLACK A996-JBLK,66,110,140,146,133,105,,700,,
216,,,H4BJ06I3Z14,SS T-SHIRT,SINGLE JERSEY/50% ORGANIC COTTON 50% COTTON/180 GSM,2025-09-07 00:00:00,MA01-2025-02675,NETHERLANDS (CLL),PURE WHITE-G011/11-4001 TCX,116,207,268,280,260,219,,1350,3334,
216,,,H4BJ06I3Z14,SS T-SHIRT,SINGLE JERSEY/50% ORGANIC COTTON 50% COTTON/180 GSM,2025-09-07 00:00:00,MA01-2025-02675,NETHERLANDS (CLL),SMART BLUE-G7V2/19-3924 TCX,52,90,111,115,99,83,,550,,
,,,,,,,,,SUB TOTAL,301,527,671,695,619,521,,3334,,
IO NO,UNIT ,STYLE PIC,StyleNo,StyleDesc,BaseFabricQuality,ShipmentDate,PONo,Country,Combo,*7,*8,*10,*12,*14,*16,*18,Total,G.TOTAL,REMAKRS
224,,,J4BI34J1314,CROP SS T-SHIRT,LYCRA JERSEY/50% ORGANIC COTTON 45% COTTON 5% ELASTANE/180 GSM,2025-09-07 00:00:00,MA01-2025-02675,NETHERLANDS (CLL),JET BLACK A996-JBLK,18,234,274,310,332,323,,1491,,
224,,,J4BI34J1314,CROP SS T-SHIRT,LYCRA JERSEY/50% ORGANIC COTTON 45% COTTON 5% ELASTANE/180 GSM,2025-09-07 00:00:00,MA01-2025-02675,NETHERLANDS (CLL),PURE WHITE-G011/11-4001 TCX,22,253,291,338,339,331,,1574,3065,
,,,,,,,,,SUB TOTAL,40,487,565,648,671,654,,3065,,
IO NO,UNIT ,STYLE PIC,StyleNo,StyleDesc,BaseFabricQuality,ShipmentDate,PONo,Country,Combo,*7,*8,*10,*12,*14,*16,*18,Total,G.TOTAL,REMAKRS
226,,,J4YI16KBZP4,RIB MIDI SL T-SHIRT,LYCRA DURBY RIB/50% ORGANIC COTTON 46% COTTON 4% LYCRA/230 GSM,2025-09-07 00:00:00,MA01-2025-02675,NETHERLANDS (CLL),BALLET PINK-G6K9/13-2807 TCX,18,103,135,141,143,134,,674,9141,
226,,,J4YI16KBZP4,RIB MIDI SL T-SHIRT,LYCRA DURBY RIB/50% ORGANIC COTTON 46% COTTON 4% LYCRA/230 GSM,2025-09-07 00:00:00,US01-2025-00947(IK-97065),UNITED STATES (WLS),BALLET PINK-G6K9/13-2807 TCX,16,31,47,47,31,12,,184,,
,,,,,,,,,SUB TOTAL,34,134,182,188,174,146,,858,,
226,,,J4YI16KBZP4,RIB MIDI SL T-SHIRT,LYCRA DURBY RIB/50% ORGANIC COTTON 46% COTTON 4% LYCRA/230 GSM,2025-09-07 00:00:00,US11-2025-01138(EK-11197),UNITED STATES (WLS),PURE WHITE-G011/11-4001 TCX,11,14,18,20,18,19,,100,,
226,,,J4YI16KBZP4,RIB MIDI SL T-SHIRT,LYCRA DURBY RIB/50% ORGANIC COTTON 46% COTTON 4% LYCRA/230 GSM,2025-09-07 00:00:00,US01-2025-00947(IK-97065),UNITED STATES (WLS),PURE WHITE-G011/11-4001 TCX,128,208,242,262,223,140,,1203,,
226,,,J4YI16KBZP4,RIB MIDI SL T-SHIRT,LYCRA DURBY RIB/50% ORGANIC COTTON 46% COTTON 4% LYCRA/230 GSM,2025-09-07 00:00:00,MA01-2025-02675,NETHERLANDS (CLL),PURE WHITE-G011/11-4001 TCX,33,295,353,401,421,397,,1900,,
,,,J4YI16KBZP4,RIB MIDI SL T-SHIRT,LYCRA DURBY RIB/50% ORGANIC COTTON 46% COTTON 4% LYCRA/230 GSM,2025-10-05 00:00:00,US01-2025-01123,UNITED STATES (WLS),PURE WHITE-G011/11-4001 TCX,77,126,147,147,119,84,,700,,
,,,J4YI16KBZP4,RIB MIDI SL T-SHIRT,LYCRA DURBY RIB/50% ORGANIC COTTON 46% COTTON 4% LYCRA/230 GSM,2025-10-05 00:00:00,US11-2025-01343,UNITED STATES (WLS),PURE WHITE-G011/11-4001 TCX,33,54,63,63,51,36,,300,,
,,,,,,,,,SUB TOTAL,161,503,595,663,644,537,,3103,,
226,,,J4YI16KBZP4,RIB MIDI SL T-SHIRT,LYCRA DURBY RIB/50% ORGANIC COTTON 46% COTTON 4% LYCRA/230 GSM,2025-09-07 00:00:00,MA01-2025-02675,NETHERLANDS (CLL),JET BLACK A996-JBLK,29,282,352,377,414,391,,1845,,
226,,,J4YI16KBZP4,RIB MIDI SL T-SHIRT,LYCRA DURBY RIB/50% ORGANIC COTTON 46% COTTON 4% LYCRA/230 GSM,2025-09-07 00:00:00,US01-2025-00947(IK-97065),UNITED STATES (WLS),JET BLACK A996-JBLK,116,197,228,248,212,134,,1135,,
226,,,J4YI16KBZP4,RIB MIDI SL T-SHIRT,LYCRA DURBY RIB/50% ORGANIC COTTON 46% COTTON 4% LYCRA/230 GSM,2025-09-07 00:00:00,US11-2025-01138(EK-11197),UNITED STATES (WLS),JET BLACK A996-JBLK,11,14,18,20,18,19,,100,,
,,,J4YI16KBZP4,RIB MIDI SL T-SHIRT,LYCRA DURBY RIB/50% ORGANIC COTTON 46% COTTON 4% LYCRA/230 GSM,2025-10-05 00:00:00,US01-2025-01123,UNITED STATES (WLS),JET BLACK A996-JBLK,77,126,147,147,119,84,,700,,
,,,J4YI16KBZP4,RIB MIDI SL T-SHIRT,LYCRA DURBY RIB/50% ORGANIC COTTON 46% COTTON 4% LYCRA/230 GSM,2025-10-05 00:00:00,US11-2025-01343,UNITED STATES (WLS),JET BLACK A996-JBLK,33,54,63,63,51,36,,300,,
,,,,,,,,,SUB TOTAL,233,619,745,792,763,628,,3780,,
IO NO,UNIT ,STYLE PIC,StyleNo,StyleDesc,BaseFabricQuality,ShipmentDate,PONo,Country,Combo,*7,*8,*10,*12,*14,*16,*18,Total,G.TOTAL,REMAKRS
232,,,J4YI49KBZP4,STRETCH RIB LS T-SHIRT,LYCRA DURBY RIB/50% ORGANIC COTTON 46% COTTON 4% LYCRA/230 GSM,2025-09-07 00:00:00,MA01-2025-02675,NETHERLANDS (CLL),JET BLACK A996-JBLK,15,96,116,136,130,107,,600,1782,
,,,,,,,,,SUB TOTAL,15,96,116,136,130,107,,600,,
232,,,J4YI49KBZP4,STRETCH RIB LS T-SHIRT,LYCRA DURBY RIB/50% ORGANIC COTTON 46% COTTON 4% LYCRA/230 GSM,2025-09-07 00:00:00,MA01-2025-02675,NETHERLANDS (CLL),PURE WHITE-G011/11-4001 TCX,16,120,156,188,179,141,,800,,
,,,,,,,,,SUB TOTAL,16,120,156,188,179,141,,800,,
232,,,J4YI49KBZP4,STRETCH RIB LS T-SHIRT,LYCRA DURBY RIB/50% ORGANIC COTTON 46% COTTON 4% LYCRA/230 GSM,2025-09-07 00:00:00,MA01-2025-02675,NETHERLANDS (CLL),BALLET PINK-G6K9/13-2807 TCX,12,30,39,51,48,52,,232,,
232,,,J4YI49KBZP4,STRETCH RIB LS T-SHIRT,LYCRA DURBY RIB/50% ORGANIC COTTON 46% COTTON 4% LYCRA/230 GSM,2025-09-07 00:00:00,MA03-2025-02321,POLAND,BALLET PINK-G6K9/13-2807 TCX,6,15,23,23,18,13,,98,,
232,,,J4YI49KBZP4,STRETCH RIB LS T-SHIRT,LYCRA DURBY RIB/50% ORGANIC COTTON 46% COTTON 4% LYCRA/230 GSM,2025-09-07 00:00:00,MA03-2025-02323,ITALY,BALLET PINK-G6K9/13-2807 TCX,3,8,12,13,9,7,,52,,
,,,,,,,,,SUB TOTAL,21,53,74,87,75,72,,382,,
IO NO,UNIT ,STYLE PIC,StyleNo,StyleDesc,BaseFabricQuality,ShipmentDate,PONo,Country,Combo,*7,*8,*10,*12,*14,*16,*18,Total,G.TOTAL,REMAKRS
243,,,J5YK11KBZP4,RIB SS DRESS,LYCRA DURBY RIB/50% ORGANIC COTTON 46% COTTON 4% LYCRA/230 GSM,2025-09-07 00:00:00,MA01-2025-02675,NETHERLANDS (CLL),JET BLACK A996-JBLK,15,113,138,160,151,137,,714,3301,
243,,,J5YK11KBZP4,RIB SS DRESS,LYCRA DURBY RIB/50% ORGANIC COTTON 46% COTTON 4% LYCRA/230 GSM,2025-09-07 00:00:00,US01-2025-00948(IK-97066),UNITED STATES (WLS),JET BLACK A996-JBLK,101,182,175,183,123,114,,878,,
243,,,J5YK11KBZP4,RIB SS DRESS,LYCRA DURBY RIB/50% ORGANIC COTTON 46% COTTON 4% LYCRA/230 GSM,2025-09-07 00:00:00,US11-2025-01139(EK-11198),UNITED STATES (WLS),JET BLACK A996-JBLK,26,33,39,42,35,34,,209,,
,,,J5YK11KBZP4,RIB SS DRESS,LYCRA DURBY RIB/50% ORGANIC COTTON 46% COTTON 4% LYCRA/230 GSM,2025-10-05 00:00:00,US01-2025-01122,UNITED STATES (WLS),JET BLACK A996-JBLK,77,126,147,147,119,84,,700,,
,,,J5YK11KBZP4,RIB SS DRESS,LYCRA DURBY RIB/50% ORGANIC COTTON 46% COTTON 4% LYCRA/230 GSM,2025-10-05 00:00:00,US11-2025-01342,UNITED STATES (WLS),JET BLACK A996-JBLK,33,54,63,63,51,36,,300,,
,,,,,,,,,SUB TOTAL,219,454,499,532,428,369,,2501,,
243,,,J5YK11KBZP4,RIB SS DRESS,LYCRA DURBY RIB/50% ORGANIC COTTON 46% COTTON 4% LYCRA/230 GSM,2025-09-07 00:00:00,MA01-2025-02675,NETHERLANDS (CLL),PURE WHITE-G011/11-4001 TCX,11,88,97,106,114,84,,500,,
,,,,,,,,,SUB TOTAL,11,88,97,106,114,84,,500,,
IO NO,UNIT ,STYLE PIC,StyleNo,StyleDesc,BaseFabricQuality,ShipmentDate,PONo,Country,Combo,*7,*8,*10,*12,*14,*16,*18,Total,G.TOTAL,REMAKRS
249,,,J6RI24K6YW4,MIDI SS T-SHIRT,LYCRA JERSEY/50% ORGANIC COTTON 45% COTTON 5% ELASTANE/160 GSM,2025-09-07 00:00:00,MA01-2025-02675,NETHERLANDS (CLL),PURE WHITE MULTI-F0E1,111,675,927,1088,944,672,,4417,10252,
,,,,,,,,,SUB TOTAL,111,675,927,1088,944,672,,4417,,
249,,,J6RI24K6YW4,MIDI SS T-SHIRT,LYCRA JERSEY/50% ORGANIC COTTON 45% COTTON 5% ELASTANE/160 GSM,2025-09-07 00:00:00,MA01-2025-02675,NETHERLANDS (CLL),PURE WHITE-G011/11-4001 TCX,105,224,297,324,274,214,,1438,,
,,,,,,,,,SUB TOTAL,105,224,297,324,274,214,,1438,,
249,,,J6RI24K6YW4,MIDI SS T-SHIRT,LYCRA JERSEY/50% ORGANIC COTTON 45% COTTON 5% ELASTANE/160 GSM,2025-09-07 00:00:00,MA01-2025-02675,NETHERLANDS (CLL),SECRET BLUE-G7HR/19-4111 TCX,193,338,390,445,393,243,,2002,,
249,,,J6RI24K6YW4,MIDI SS T-SHIRT,LYCRA JERSEY/50% ORGANIC COTTON 45% COTTON 5% ELASTANE/160 GSM,2025-09-07 00:00:00,MX01-2025-01311,MEXICO (DIR),SECRET BLUE-G7HR/19-4111 TCX,36,36,47,54,54,38,,265,,
249,,,J6RI24K6YW4,MIDI SS T-SHIRT,LYCRA JERSEY/50% ORGANIC COTTON 45% COTTON 5% ELASTANE/160 GSM,2025-09-07 00:00:00,SP01-2025-00952,SINGAPORE,SECRET BLUE-G7HR/19-4111 TCX,2,23,30,35,23,15,,128,,
,,,,,,,,,SUB TOTAL,231,397,467,534,470,296,,2395,,
249,,,J6RI24K6YW4,MIDI SS T-SHIRT,LYCRA JERSEY/50% ORGANIC COTTON 45% COTTON 5% ELASTANE/160 GSM,2025-09-07 00:00:00,MA01-2025-02675,NETHERLANDS (CLL),SILK TIE BLUE-G7GM/16-4031 TCX,39,123,149,171,144,105,,731,,
249,,,J6RI24K6YW4,MIDI SS T-SHIRT,LYCRA JERSEY/50% ORGANIC COTTON 45% COTTON 5% ELASTANE/160 GSM,2025-09-07 00:00:00,MX01-2025-01311,MEXICO (DIR),SILK TIE BLUE-G7GM/16-4031 TCX,129,144,209,282,282,225,,1271,,
,,,,,,,,,SUB TOTAL,168,267,358,453,426,330,,2002,,
IO NO,UNIT ,STYLE PIC,StyleNo,StyleDesc,BaseFabricQuality,ShipmentDate,PONo,Country,Combo,*7,*8,*10,*12,*14,*16,*18,Total,G.TOTAL,REMAKRS
255,,,J6RI28K6YW4,MIDI SS T-SHIRT,LYCRA JERSEY/50% ORGANIC COTTON 45% COTTON 5% ELASTANE/160 GSM,2025-09-07 00:00:00,AU01-2025-01058,AUSTRALIA (DIR),SECRET BLUE-G7HR/19-4111 TCX,8,11,11,11,11,8,,60,9005,
255,,,J6RI28K6YW4,MIDI SS T-SHIRT,LYCRA JERSEY/50% ORGANIC COTTON 45% COTTON 5% ELASTANE/160 GSM,2025-09-07 00:00:00,SP01-2025-00952,SINGAPORE,SECRET BLUE-G7HR/19-4111 TCX,,14,22,22,20,12,,90,,
255,,,J6RI28K6YW4,MIDI SS T-SHIRT,LYCRA JERSEY/50% ORGANIC COTTON 45% COTTON 5% ELASTANE/160 GSM,2025-09-07 00:00:00,MA01-2025-02675,NETHERLANDS (CLL),SECRET BLUE-G7HR/19-4111 TCX,71,479,584,645,625,569,,2973,,
255,,,J6RI28K6YW4,MIDI SS T-SHIRT,LYCRA JERSEY/50% ORGANIC COTTON 45% COTTON 5% ELASTANE/160 GSM,2025-09-07 00:00:00,MA02-2025-01768,NETHERLANDS(RTL),SECRET BLUE-G7HR/19-4111 TCX,36,69,69,69,35,31,,309,,
255,,,J6RI28K6YW4,MIDI SS T-SHIRT,LYCRA JERSEY/50% ORGANIC COTTON 45% COTTON 5% ELASTANE/160 GSM,2025-09-07 00:00:00,MA03-2025-02321,POLAND,SECRET BLUE-G7HR/19-4111 TCX,3,8,12,12,9,7,,51,,
255,,,J6RI28K6YW4,MIDI SS T-SHIRT,LYCRA JERSEY/50% ORGANIC COTTON 45% COTTON 5% ELASTANE/160 GSM,2025-09-07 00:00:00,MA03-2025-02323,ITALY,SECRET BLUE-G7HR/19-4111 TCX,2,4,7,7,5,4,,29,,
,,,,,,,,,SUB TOTAL,120,585,705,766,705,631,,3512,,
255,,,J6RI28K6YW4,MIDI SS T-SHIRT,LYCRA JERSEY/50% ORGANIC COTTON 45% COTTON 5% ELASTANE/160 GSM,2025-09-07 00:00:00,MA01-2025-02675,NETHERLANDS (CLL),PURE WHITE-G011/11-4001 TCX,175,538,608,656,615,493,,3085,,
255,,,J6RI28K6YW4,MIDI SS T-SHIRT,LYCRA JERSEY/50% ORGANIC COTTON 45% COTTON 5% ELASTANE/160 GSM,2025-09-07 00:00:00,MX01-2025-01312,MEXICO (DIR),PURE WHITE-G011/11-4001 TCX,120,135,200,273,273,216,,1217,,
255,,,J6RI28K6YW4,MIDI SS T-SHIRT,LYCRA JERSEY/50% ORGANIC COTTON 45% COTTON 5% ELASTANE/160 GSM,2025-09-07 00:00:00,SP01-2025-00952,SINGAPORE,PURE WHITE-G011/11-4001 TCX,,13,16,16,13,12,,70,,
255,,,J6RI28K6YW4,MIDI SS T-SHIRT,LYCRA JERSEY/50% ORGANIC COTTON 45% COTTON 5% ELASTANE/160 GSM,2025-09-07 00:00:00,US01-2025-00949(IK-97067),UNITED STATES (WLS),PURE WHITE-G011/11-4001 TCX,9,9,9,10,10,9,,56,,
255,,,J6RI28K6YW4,MIDI SS T-SHIRT,LYCRA JERSEY/50% ORGANIC COTTON 45% COTTON 5% ELASTANE/160 GSM,2025-09-07 00:00:00,US01-2025-00949(IK-97067),UNITED STATES (WLS),SECRET BLUE-G7HR/19-4111 TCX,100,166,181,201,181,122,,951,,
255,,,J6RI28K6YW4,MIDI SS T-SHIRT,LYCRA JERSEY/50% ORGANIC COTTON 45% COTTON 5% ELASTANE/160 GSM,2025-09-07 00:00:00,US11-2025-01140(EK-11199),UNITED STATES (WLS),SECRET BLUE-G7HR/19-4111 TCX,13,16,20,24,22,19,,114,,
,,,,,,,,,SUB TOTAL,417,877,1034,1180,1114,871,,5493,,
IO NO,UNIT ,STYLE PIC,StyleNo,StyleDesc,BaseFabricQuality,ShipmentDate,PONo,Country,Combo,*7,*8,*10,*12,*14,*16,*18,Total,G.TOTAL,REMAKRS
261,,,J6RI30KCNQ4,BATWING SS T-SHIRT,HEAVY JERSEY/50% ORGANIC COTTON 50% COTTON/210 GSM,2025-09-07 00:00:00,AU01-2025-01059,AUSTRALIA (DIR),SILK TIE BLUE-G7GM/16-4031 TCX,8,10,10,10,10,8,,56,1907,
261,,,J6RI30KCNQ4,BATWING SS T-SHIRT,HEAVY JERSEY/50% ORGANIC COTTON 50% COTTON/210 GSM,2025-09-07 00:00:00,IN01-2025-00081,INDIA,SILK TIE BLUE-G7GM/16-4031 TCX,12,12,12,12,12,12,,72,,
261,,,J6RI30KCNQ4,BATWING SS T-SHIRT,HEAVY JERSEY/50% ORGANIC COTTON 50% COTTON/210 GSM,2025-09-07 00:00:00,SP01-2025-00952,SINGAPORE,SILK TIE BLUE-G7GM/16-4031 TCX,9,11,11,11,8,,,50,,
261,,,J6RI30KCNQ4,BATWING SS T-SHIRT,HEAVY JERSEY/50% ORGANIC COTTON 50% COTTON/210 GSM,2025-09-07 00:00:00,MA01-2025-02675,NETHERLANDS (CLL),SILK TIE BLUE-G7GM/16-4031 TCX,8,20,33,36,33,23,,153,,
,,,,,,,,,SUB TOTAL,37,53,66,69,63,43,,331,,
261,,,J6RI30KCNQ4,BATWING SS T-SHIRT,HEAVY JERSEY/50% ORGANIC COTTON 50% COTTON/210 GSM,2025-09-07 00:00:00,SP01-2025-00952,SINGAPORE,NUDE SAND-G1G1/15-1314 TCX,2,9,11,14,8,4,,48,,
261,,,J6RI30KCNQ4,BATWING SS T-SHIRT,HEAVY JERSEY/50% ORGANIC COTTON 50% COTTON/210 GSM,2025-09-07 00:00:00,MA01-2025-02675,NETHERLANDS (CLL),NUDE SAND-G1G1/15-1314 TCX,31,141,176,196,184,161,,889,,
261,,,J6RI30KCNQ4,BATWING SS T-SHIRT,HEAVY JERSEY/50% ORGANIC COTTON 50% COTTON/210 GSM,2025-09-07 00:00:00,IN01-2025-00081,INDIA,NUDE SAND-G1G1/15-1314 TCX,12,12,12,12,12,12,,72,,
,,,,,,,,,SUB TOTAL,45,162,199,222,204,177,,1009,,
261,,,J6RI30KCNQ4,BATWING SS T-SHIRT,HEAVY JERSEY/50% ORGANIC COTTON 50% COTTON/210 GSM,2025-09-07 00:00:00,MA01-2025-03111,NETHERLANDS (CLL),SECRET BLUE-G7HR/19-4111 TCX,14,35,50,53,50,40,,242,,
261,,,J6RI30KCNQ4,BATWING SS T-SHIRT,HEAVY JERSEY/50% ORGANIC COTTON 50% COTTON/210 GSM,2025-09-07 00:00:00,MX01-2025-01480,MEXICO (DIR),SECRET BLUE-G7HR/19-4111 TCX,34,34,45,52,52,36,,253,,
261,,,J6RI30KCNQ4,BATWING SS T-SHIRT,HEAVY JERSEY/50% ORGANIC COTTON 50% COTTON/210 GSM,2025-09-07 00:00:00,IN01-2025-00093,INDIA,SECRET BLUE-G7HR/19-4111 TCX,12,12,12,12,12,12,,72,,
,,,,,,,,,SUB TOTAL,60,81,107,117,114,88,,567,,
IO NO,UNIT ,STYLE PIC,StyleNo,StyleDesc,BaseFabricQuality,ShipmentDate,PONo,Country,Combo,*7,*8,*10,*12,*14,*16,*18,Total,G.TOTAL,REMAKRS
264,,,J6RI35KBPZ4,GMT DYE RIB CROP SL TOP,LYCRA DURBY RIB/50% ORGANIC COTTON 46% COTTON 4% LYCRA/230 GSM,2025-10-02 00:00:00,MA01-2025-02675,NETHERLANDS (CLL),JET BLACK A996-JBLK,43,205,249,256,251,215,,1219,6642,
,,,,,,,,,SUB TOTAL,43,205,249,256,251,215,,1219,,
264,,,J6RI35KBPZ4,GMT DYE RIB CROP SL TOP,LYCRA DURBY RIB/50% ORGANIC COTTON 46% COTTON 4% LYCRA/230 GSM,2025-10-02 00:00:00,US01-2025-00950(IK-97069),UNITED STATES (WLS),LIGHT BLUE SKY-A732/15-4031 TCX,105,111,123,160,117,100,,716,,
264,,,J6RI35KBPZ4,GMT DYE RIB CROP SL TOP,LYCRA DURBY RIB/50% ORGANIC COTTON 46% COTTON 4% LYCRA/230 GSM,2025-10-02 00:00:00,MA01-2025-02675,NETHERLANDS (CLL),LIGHT BLUE SKY-A732/15-4031 TCX,17,97,113,117,115,99,,558,,
264,,,J6RI35KBPZ4,GMT DYE RIB CROP SL TOP,LYCRA DURBY RIB/50% ORGANIC COTTON 46% COTTON 4% LYCRA/230 GSM,2025-10-02 00:00:00,MX01-2025-01313,MEXICO (DIR),LIGHT BLUE SKY-A732/15-4031 TCX,43,43,55,61,61,45,,308,,
264,,,J6RI35KBPZ4,GMT DYE RIB CROP SL TOP,LYCRA DURBY RIB/50% ORGANIC COTTON 46% COTTON 4% LYCRA/230 GSM,2025-10-02 00:00:00,US11-2025-01141(EK-11200),UNITED STATES (WLS),LIGHT BLUE SKY-A732/15-4031 TCX,13,16,20,23,21,21,,114,,
,,,,,,,,,SUB TOTAL,178,267,311,361,314,265,,1696,,
264,,,J6RI35KBPZ4,GMT DYE RIB CROP SL TOP,LYCRA DURBY RIB/50% ORGANIC COTTON 46% COTTON 4% LYCRA/230 GSM,2025-10-02 00:00:00,SP01-2025-00952,SINGAPORE,PURE WHITE-G011/11-4001 TCX,5,15,17,22,13,6,,78,,
264,,,J6RI35KBPZ4,GMT DYE RIB CROP SL TOP,LYCRA DURBY RIB/50% ORGANIC COTTON 46% COTTON 4% LYCRA/230 GSM,2025-10-02 00:00:00,MA01-2025-02675,NETHERLANDS (CLL),PURE WHITE-G011/11-4001 TCX,45,208,246,251,241,207,,1198,,
,,,,,,,,,SUB TOTAL,50,223,263,273,254,213,,1276,,
264,,,J6RI35KBPZ4,GMT DYE RIB CROP SL TOP,LYCRA DURBY RIB/50% ORGANIC COTTON 46% COTTON 4% LYCRA/230 GSM,2025-10-02 00:00:00,MA01-2025-02675,NETHERLANDS (CLL),SLIGHT PINK-G682/15-1614 TCX,30,113,135,132,129,110,,649,,
264,,,J6RI35KBPZ4,GMT DYE RIB CROP SL TOP,LYCRA DURBY RIB/50% ORGANIC COTTON 46% COTTON 4% LYCRA/230 GSM,2025-10-02 00:00:00,US01-2025-00950(IK-97069),UNITED STATES (WLS),SLIGHT PINK-G682/15-1614 TCX,105,111,123,160,117,100,,716,,
264,,,J6RI35KBPZ4,GMT DYE RIB CROP SL TOP,LYCRA DURBY RIB/50% ORGANIC COTTON 46% COTTON 4% LYCRA/230 GSM,2025-10-02 00:00:00,MX01-2025-01313,MEXICO (DIR),SLIGHT PINK-G682/15-1614 TCX,87,102,156,223,223,181,,972,,
264,,,J6RI35KBPZ4,GMT DYE RIB CROP SL TOP,LYCRA DURBY RIB/50% ORGANIC COTTON 46% COTTON 4% LYCRA/230 GSM,2025-10-02 00:00:00,US11-2025-01141(EK-11200),UNITED STATES (WLS),SLIGHT PINK-G682/15-1614 TCX,13,16,20,23,21,21,,114,,
,,,,,,,,,SUB TOTAL,235,342,434,538,490,412,,2451,,
IO NO,UNIT ,STYLE PIC,StyleNo,StyleDesc,BaseFabricQuality,ShipmentDate,PONo,Country,Combo,*7,*8,*10,*12,*14,*16,*18,Total,G.TOTAL,REMAKRS
266,,,J6RI38K6YW4,MIDI BOXY SS T-SHIRT,LYCRA JERSEY/50% ORGANIC COTTON 45% COTTON 5% ELASTANE/160 GSM,2025-09-07 00:00:00,MA01-2025-02675,NETHERLANDS (CLL),PURE WHITE-G011/11-4001 TCX,36,65,95,116,116,106,,534,1404,
266,,,J6RI38K6YW4,MIDI BOXY SS T-SHIRT,LYCRA JERSEY/50% ORGANIC COTTON 45% COTTON 5% ELASTANE/160 GSM,2025-09-07 00:00:00,SP01-2025-00952,SINGAPORE,PURE WHITE-G011/11-4001 TCX,4,15,17,21,12,5,,74,,
,,,,,,,,,SUB TOTAL,40,80,112,137,128,111,,608,,
266,,,J6RI38K6YW4,MIDI BOXY SS T-SHIRT,LYCRA JERSEY/50% ORGANIC COTTON 45% COTTON 5% ELASTANE/160 GSM,2025-09-07 00:00:00,MA01-2025-02675,NETHERLANDS (CLL),SECRET BLUE-G7HR/19-4111 TCX,16,30,39,39,40,37,,201,,
266,,,J6RI38K6YW4,MIDI BOXY SS T-SHIRT,LYCRA JERSEY/50% ORGANIC COTTON 45% COTTON 5% ELASTANE/160 GSM,2025-09-07 00:00:00,SP01-2025-00952,SINGAPORE,SECRET BLUE-G7HR/19-4111 TCX,2,19,27,26,22,15,,111,,
,,,,,,,,,SUB TOTAL,18,49,66,65,62,52,,312,,
266,,,J6RI38K6YW4,MIDI BOXY SS T-SHIRT,LYCRA JERSEY/50% ORGANIC COTTON 45% COTTON 5% ELASTANE/160 GSM,2025-09-07 00:00:00,SP01-2025-00952,SINGAPORE,KETCHUP RED-G5K9/18-1661 TCX,2,18,25,24,19,13,,101,,
266,,,J6RI38K6YW4,MIDI BOXY SS T-SHIRT,LYCRA JERSEY/50% ORGANIC COTTON 45% COTTON 5% ELASTANE/160 GSM,2025-09-07 00:00:00,US01-2025-00952(IK-97071),UNITED STATES (WLS),KETCHUP RED-G5K9/18-1661 TCX,9,9,9,10,10,9,,56,,
266,,,J6RI38K6YW4,MIDI BOXY SS T-SHIRT,LYCRA JERSEY/50% ORGANIC COTTON 45% COTTON 5% ELASTANE/160 GSM,2025-09-07 00:00:00,MA01-2025-02675,NETHERLANDS (CLL),KETCHUP RED-G5K9/18-1661 TCX,18,48,62,69,67,63,,327,,
,,,,,,,,,SUB TOTAL,29,75,96,103,96,85,,484,,
IO NO,UNIT ,STYLE PIC,StyleNo,StyleDesc,BaseFabricQuality,ShipmentDate,PONo,Country,Combo,*7,*8,*10,*12,*14,*16,*18,Total,G.TOTAL,REMAKRS
270,,,J6RK11KAD74,FRENCH TERRY SS DRESS,FRENCH TERRY/50% ORGANIC COTTON 50% COTTON/340 GSM,2025-09-07 00:00:00,MA01-2025-02675,NETHERLANDS (CLL),PURE WHITE-G011/11-4001 TCX,152,202,221,233,184,75,,1067,1632,
270,,,J6RK11KAD74,FRENCH TERRY SS DRESS,FRENCH TERRY/50% ORGANIC COTTON 50% COTTON/340 GSM,2025-09-07 00:00:00,MA01-2025-02675,NETHERLANDS (CLL),SECRET BLUE-G7HR/19-4111 TCX,57,94,114,143,89,68,,565,,
,,,,,,,,,SUB TOTAL,209,296,335,376,273,143,,1632,,
IO NO,UNIT ,STYLE PIC,StyleNo,StyleDesc,BaseFabricQuality,ShipmentDate,PONo,Country,Combo,*7,*8,*10,*12,*14,*16,*18,Total,G.TOTAL,REMAKRS
272,,,J6RQ05KAD74,HOODED LS ACTIVE TOP,FRENCH TERRY/50% ORGANIC COTTON 50% COTTON/340 GSM,2025-09-07 00:00:00,MA01-2025-02675,NETHERLANDS (CLL),PURE WHITE-G011/11-4001 TCX,165,288,360,391,343,218,,1765,,
272,,,J6RQ05KAD74,HOODED LS ACTIVE TOP,FRENCH TERRY/50% ORGANIC COTTON 50% COTTON/340 GSM,2025-09-07 00:00:00,MA02-2025-01768,NETHERLANDS(RTL),PURE WHITE-G011/11-4001 TCX,18,35,36,36,16,15,,156,3185,
272,,,J6RQ05KAD74,HOODED LS ACTIVE TOP,FRENCH TERRY/50% ORGANIC COTTON 50% COTTON/340 GSM,2025-09-07 00:00:00,MA03-2025-02321,POLAND,PURE WHITE-G011/11-4001 TCX,11,25,48,52,43,37,,216,,
272,,,J6RQ05KAD74,HOODED LS ACTIVE TOP,FRENCH TERRY/50% ORGANIC COTTON 50% COTTON/340 GSM,2025-09-07 00:00:00,MA03-2025-02323,ITALY,PURE WHITE-G011/11-4001 TCX,6,14,26,28,22,20,,116,,
,,,,,,,,,SUB TOTAL,200,362,470,507,424,290,,2253,,
272,,,J6RQ05KAD74,HOODED LS ACTIVE TOP,FRENCH TERRY/50% ORGANIC COTTON 50% COTTON/340 GSM,2025-09-07 00:00:00,MA02-2025-01768,NETHERLANDS(RTL),SECRET BLUE-G7HR/19-4111 TCX,6,11,11,11,9,7,,55,,
,,,J6RQ05KAD74,HOODED LS ACTIVE TOP,FRENCH TERRY/50% ORGANIC COTTON 50% COTTON/340 GSM,2025-09-07 00:00:00,MA01-2025-02675,NETHERLANDS (CLL),SECRET BLUE-G7HR/19-4111 TCX,58,108,131,146,142,103,,688,,
272,,,J6RQ05KAD74,HOODED LS ACTIVE TOP,FRENCH TERRY/50% ORGANIC COTTON 50% COTTON/340 GSM,2025-09-07 00:00:00,MA03-2025-02321,POLAND,SECRET BLUE-G7HR/19-4111 TCX,6,14,28,30,25,21,,124,,
272,,,J6RQ05KAD74,HOODED LS ACTIVE TOP,FRENCH TERRY/50% ORGANIC COTTON 50% COTTON/340 GSM,2025-09-07 00:00:00,MA03-2025-02323,ITALY,SECRET BLUE-G7HR/19-4111 TCX,3,8,15,16,12,11,,65,,
,,,,,,,,,SUB TOTAL,73,141,185,203,188,142,,932,,
IO NO,UNIT ,STYLE PIC,StyleNo,StyleDesc,BaseFabricQuality,ShipmentDate,PONo,Country,Combo,*7,*8,*10,*12,*14,*16,*18,Total,G.TOTAL,REMAKRS
274,,,J81I15J1311,CROPPED SS TSHIRT_CORE,LYCRA JERSEY/95% ORGANIC COTTON 5% ELASTANE/180 GSM,2025-09-07 00:00:00,MA01-2025-02675,NETHERLANDS (CLL),JET BLACK A996-JBLK,13,74,83,92,89,98,,449,,
274,,,J81I15J1311,CROPPED SS TSHIRT_CORE,LYCRA JERSEY/95% ORGANIC COTTON 5% ELASTANE/180 GSM,2025-09-07 00:00:00,MA01-2025-02675,NETHERLANDS (CLL),PURE WHITE-G011/11-4001 TCX,12,93,109,132,131,123,,600,,
274,,,J81I15J1311,CROPPED SS TSHIRT_CORE,LYCRA JERSEY/95% ORGANIC COTTON 5% ELASTANE/180 GSM,2025-09-07 00:00:00,MA01-2025-02675,NETHERLANDS (CLL),BLACK AND RED BLOCK-P9BA,,40,44,48,48,43,,223,,
274,,,J81I15J1311,CROPPED SS TSHIRT_CORE,LYCRA JERSEY/95% ORGANIC COTTON 5% ELASTANE/180 GSM,2025-09-07 00:00:00,MA03-2025-02321,POLAND,BLACK AND RED BLOCK-P9BA,9,23,35,36,27,20,,150,1503,
274,,,J81I15J1311,CROPPED SS TSHIRT_CORE,LYCRA JERSEY/95% ORGANIC COTTON 5% ELASTANE/180 GSM,2025-09-07 00:00:00,MA03-2025-02323,POLAND,BLACK AND RED BLOCK-P9BA,5,13,19,19,14,11,,81,,
,,,,,,,,,SUB TOTAL,39,243,290,327,309,295,,1503,,
IO NO,UNIT ,STYLE PIC,StyleNo,StyleDesc,BaseFabricQuality,ShipmentDate,PONo,Country,Combo,*7,*8,*10,*12,*14,*16,*18,Total,G.TOTAL,REMAKRS
285,,,L6RI16K8HM4,OVERSIZE SS T-SHIRT,SINGLE JERSEY/50% ORGANIC COTTON 50% COTTON/160 GSM,2025-09-07 00:00:00,IN01-2025-00081,INDIA,PURE WHITE-G011/11-4001 TCX,12,12,12,12,12,12,12,84,,
285,,,L6RI16K8HM4,OVERSIZE SS T-SHIRT,SINGLE JERSEY/50% ORGANIC COTTON 50% COTTON/160 GSM,2025-09-07 00:00:00,MA01-2025-02675,NETHERLANDS (CLL),PURE WHITE-G011/11-4001 TCX,64,187,235,263,236,194,90,1269,1552,
285,,,L6RI16K8HM4,OVERSIZE SS T-SHIRT,SINGLE JERSEY/50% ORGANIC COTTON 50% COTTON/160 GSM,2025-09-07 00:00:00,MA02-2025-01768,NETHERLANDS(RTL),PURE WHITE-G011/11-4001 TCX,6,11,11,11,6,6,,51,,
285,,,L6RI16K8HM4,OVERSIZE SS T-SHIRT,SINGLE JERSEY/50% ORGANIC COTTON 50% COTTON/160 GSM,2025-09-07 00:00:00,SP01-2025-00952,SINGAPORE,PURE WHITE-G011/11-4001 TCX,6,24,37,38,25,18,,148,,
,,,,,,,,,SUB TOTAL,88,234,295,324,279,230,102,1552,,
IO NO,UNIT ,STYLE PIC,StyleNo,StyleDesc,BaseFabricQuality,ShipmentDate,PONo,Country,Combo,*7,*8,*10,*12,*14,*16,*18,Total,G.TOTAL,REMAKRS
286,,,L6RI25KC484,GMT DYE SS T-SHIRT_CEREMONY,JACQUARD JERSEY/50% ORGANIC COTTON 50% COTTON/205 GSM,2025-09-07 00:00:00,IN01-2025-00081,INDIA,JET BLACK A996-JBLK,12,12,12,12,12,12,12,84,340,
286,,,L6RI25KC484,GMT DYE SS T-SHIRT_CEREMONY,JACQUARD JERSEY/50% ORGANIC COTTON 50% COTTON/205 GSM,2025-09-07 00:00:00,SP01-2025-00952,SINGAPORE,JET BLACK A996-JBLK,2,15,25,25,17,12,,96,,
286,,,L6RI25KC484,GMT DYE SS T-SHIRT_CEREMONY,JACQUARD JERSEY/50% ORGANIC COTTON 50% COTTON/205 GSM,2025-09-07 00:00:00,MA01-2025-02675,NETHERLANDS (CLL),JET BLACK A996-JBLK,9,22,25,30,28,28,18,160,,
,,,,,,,,,SUB TOTAL,23,49,62,67,57,52,30,340,,
286,,,L6RI25KC484,GMT DYE SS T-SHIRT_CEREMONY,JACQUARD JERSEY/50% ORGANIC COTTON 50% COTTON/205 GSM,2025-09-07 00:00:00,IN01-2025-00081,INDIA,VINO-G577/19-1724 TCX,12,12,12,12,12,12,12,84,,
286,,,L6RI25KC484,GMT DYE SS T-SHIRT_CEREMONY,JACQUARD JERSEY/50% ORGANIC COTTON 50% COTTON/205 GSM,2025-09-07 00:00:00,MA01-2025-02675,NETHERLANDS (CLL),VINO-G577/19-1724 TCX,18,32,38,44,42,42,34,250,,
286,,,L6RI25KC484,GMT DYE SS T-SHIRT_CEREMONY,JACQUARD JERSEY/50% ORGANIC COTTON 50% COTTON/205 GSM,2025-09-07 00:00:00,MX01-2025-01314,MEXICO (DIR),VINO-G577/19-1724 TCX,98,110,153,224,240,142,,967,1437,
286,,,L6RI25KC484,GMT DYE SS T-SHIRT_CEREMONY,JACQUARD JERSEY/50% ORGANIC COTTON 50% COTTON/205 GSM,2025-09-07 00:00:00,SP01-2025-00952,SINGAPORE,VINO-G577/19-1724 TCX,2,14,21,21,15,13,,86,,
286,,,L6RI25KC484,GMT DYE SS T-SHIRT_CEREMONY,JACQUARD JERSEY/50% ORGANIC COTTON 50% COTTON/205 GSM,2025-09-07 00:00:00,US01-2025-00953(IK-97072),UNITED STATES (WLS),VINO-G577/19-1724 TCX,,8,8,8,9,9,8,50,,
,,,,,,,,,SUB TOTAL,130,176,232,309,318,218,54,1437,,
IO NO,UNIT ,STYLE PIC,StyleNo,StyleDesc,BaseFabricQuality,ShipmentDate,PONo,Country,Combo,*7,*8,*10,*12,*14,*16,*18,Total,G.TOTAL,REMAKRS
309,,,J4YG01KA6R4,SET LS ACTIVE TOP LEGGINGS,TOP-FRENCH TERRY/50% ORGANIC COTTON 50% COTTON/290 GSM BOTTOM-LYCRA JERSEY/50% ORGANIC COTTON 45% COTTON 5% ELASTANE/180 GSM,2025-09-07 00:00:00,MA01-2025-02675,NETHERLANDS (CLL),JET BLACK A996-JBLK,17,64,84,92,90,53,,400,744,
309,,,J4YG01KA6R4,SET LS ACTIVE TOP LEGGINGS,TOP-FRENCH TERRY/50% ORGANIC COTTON 50% COTTON/290 GSM BOTTOM-LYCRA JERSEY/50% ORGANIC COTTON 45% COTTON 5% ELASTANE/180 GSM,2025-09-07 00:00:00,MA01-2025-02675,NETHERLANDS (CLL),PURE WHITE-G011/11-4001 TCX,30,51,56,94,78,35,,344,,
,,,,,,,,,SUB TOTAL,47,115,140,186,168,88,,744,,
IO NO,UNIT ,STYLE PIC,StyleNo,StyleDesc,BaseFabricQuality,ShipmentDate,PONo,Country,Combo,*7,*8,*10,*12,*14,*16,*18,Total,G.TOTAL,REMAKRS
221,,,J4BI10I3Z14,MIDI LS T-SHIRT,SINGLE JERSEY/50% ORGANIC COTTON 50% COTTON/180 GSM,2025-09-07 00:00:00,MA01-2025-02675,EUROPE,JET BLACK A996-JBLK,15,37,44,53,50,46,,245,509,
221,,,J4BI10I3Z14,MIDI LS T-SHIRT,SINGLE JERSEY/50% ORGANIC COTTON 50% COTTON/180 GSM,2025-09-07 00:00:00,MA01-2025-02675,EUROPE,PURE WHITE-G011/11-4001 TCX,17,37,46,53,55,56,,264,,
,,,,,,,,,SUB TOTAL,32,74,90,106,105,102,,509,,
IO NO,UNIT ,STYLE PIC,StyleNo,StyleDesc,BaseFabricQuality,ShipmentDate,PONo,Country,Combo,*7,*8,*10,*12,*14,*16,*18,Total,G.TOTAL,REMAKRS
281,,,L5BI16KCNQ4,HEAVY JERSEY SS T-SHIRT,HEAVY JERSEY/50% ORGANIC COTTON 50% COTTON/210 GSM,2025-09-07 00:00:00,MA03-2025-02323,POLAND,PURE WHITE-G011/11-4001 TCX,10,18,25,32,27,21,,133,2282,
281,,,L5BI16KCNQ4,HEAVY JERSEY SS T-SHIRT,HEAVY JERSEY/50% ORGANIC COTTON 50% COTTON/210 GSM,2025-09-07 00:00:00,MA01-2025-02675,NETHERLANDS (CLL),PURE WHITE-G011/11-4001 TCX,22,123,141,150,144,136,60,776,,
281,,,L5BI16KCNQ4,HEAVY JERSEY SS T-SHIRT,HEAVY JERSEY/50% ORGANIC COTTON 50% COTTON/210 GSM,2025-09-07 00:00:00,MA03-2025-02321,POLAND,PURE WHITE-G011/11-4001 TCX,19,34,47,59,50,39,,248,,
,,,,,,,,,SUB TOTAL,41,157,188,209,194,175,,1024,,
281,,,L5BI16KCNQ4,HEAVY JERSEY SS T-SHIRT,HEAVY JERSEY/50% ORGANIC COTTON 50% COTTON/210 GSM,2025-09-07 00:00:00,MA03-2025-02323,POLAND,JET BLACK A996-JBLK,10,18,25,32,27,21,,133,,
281,,,L5BI16KCNQ4,HEAVY JERSEY SS T-SHIRT,HEAVY JERSEY/50% ORGANIC COTTON 50% COTTON/210 GSM,2025-09-07 00:00:00,MA03-2025-02321,POLAND,JET BLACK A996-JBLK,19,34,47,59,50,39,,248,,
281,,,L5BI16KCNQ4,HEAVY JERSEY SS T-SHIRT,HEAVY JERSEY/50% ORGANIC COTTON 50% COTTON/210 GSM,2025-09-07 00:00:00,MA01-2025-02675,NETHERLANDS (CLL),JET BLACK A996-JBLK,23,118,131,140,136,134,62,744,,
,,,,,,,,,SUB TOTAL,144,502,604,681,628,565,122,3306,,
IO NO,UNIT,STYLEPIC,STYLE NAME,STYLE DESC,FABRIC ,SHIPMENT DATE,PO NO,COUNTRY,COMBO,*4,*6,*8,*10,*12,*14,*16,Total,G.TOTAL,REMAKRS
235,,,J5RI46J1314,SS T-SHIRT_MINIME,LYCRA JERSEY/50% ORGANIC COTTON 45% COTTON 5% ELASTANE/180 GSM,2025-09-07 00:00:00,MA01-2025-02675,NETHERLANDS (CLL),BLUSHED BRIDE-G62O/12-1310 TCX,24,45,184,225,239,228,207,1152,4300,
235,,,J5RI46J1314,SS T-SHIRT_MINIME,LYCRA JERSEY/50% ORGANIC COTTON 45% COTTON 5% ELASTANE/180 GSM,2025-09-07 00:00:00,MA02-2025-01768,NETHERLANDS(RTL),BLUSHED BRIDE-G62O/12-1310 TCX,3,6,14,18,18,10,5,74,,
,,,,,,,,,SUB TOTAL,27,51,198,243,257,238,212,1226,,
235,,,J5RI46J1314,SS T-SHIRT_MINIME,LYCRA JERSEY/50% ORGANIC COTTON 45% COTTON 5% ELASTANE/180 GSM,2025-09-07 00:00:00,MA01-2025-02675,NETHERLANDS (CLL),JET BLACK A996-JBLK,19,42,198,265,315,309,275,1423,,
235,,,J5RI46J1314,SS T-SHIRT_MINIME,LYCRA JERSEY/50% ORGANIC COTTON 45% COTTON 5% ELASTANE/180 GSM,2025-09-07 00:00:00,MA03-2025-02321,POLAND,JET BLACK A996-JBLK,3,3,3,6,13,8,10,46,,
235,,,J5RI46J1314,SS T-SHIRT_MINIME,LYCRA JERSEY/50% ORGANIC COTTON 45% COTTON 5% ELASTANE/180 GSM,2025-09-07 00:00:00,MA03-2025-02323,INDIA,JET BLACK A996-JBLK,1,1,2,3,7,4,6,24,,
,,,,,,,,,SUB TOTAL,23,46,203,274,335,321,291,1493,,
235,,,J5RI46J1314,SS T-SHIRT_MINIME,LYCRA JERSEY/50% ORGANIC COTTON 45% COTTON 5% ELASTANE/180 GSM,2025-09-07 00:00:00,MA02-2025-01768,NETHERLANDS(RTL),OCEAN SALT-G6K5/11-1302 TCX,,6,11,11,11,6,6,51,,
235,,,J5RI46J1314,SS T-SHIRT_MINIME,LYCRA JERSEY/50% ORGANIC COTTON 45% COTTON 5% ELASTANE/180 GSM,2025-09-07 00:00:00,MA01-2025-02675,NETHERLANDS (CLL),OCEAN SALT-G6K5/11-1302 TCX,15,34,189,235,272,234,211,1190,,
235,,,J5RI46J1314,SS T-SHIRT_MINIME,LYCRA JERSEY/50% ORGANIC COTTON 45% COTTON 5% ELASTANE/180 GSM,2025-09-07 00:00:00,MA03-2025-02321,POLAND,OCEAN SALT-G6K5/11-1302 TCX,14,19,31,47,48,36,27,222,,
235,,,J5RI46J1314,SS T-SHIRT_MINIME,LYCRA JERSEY/50% ORGANIC COTTON 45% COTTON 5% ELASTANE/180 GSM,2025-09-07 00:00:00,MA03-2025-02323,INDIA,OCEAN SALT-G6K5/11-1302 TCX,7,10,17,25,26,19,14,118,,
,,,,,,,,,SUB TOTAL,36,69,248,318,357,295,258,1581,,
